<?xml version="1.0" encoding="utf-8"?>
<eCitation>
   <meta type="rr"/>
   <uId id="CXR1003"/>
   <pmcId id="1003"/>
   <docSource>CXR</docSource>
   <IUXRId id="1003"/>
   <licenseType>open-access</licenseType>
   <licenseURL>http://creativecommons.org/licenses/by-nc-nd/4.0/</licenseURL>
   <ccLicense>byncnd</ccLicense>
   <articleURL/>
   <articleDate>2013-08-01</articleDate>
   <articleType>XR</articleType>
   <publisher>Indiana University</publisher>
   <title>Indiana University Chest X-ray Collection</title>
   <note>The data are drawn from multiple hospital systems.</note>
   <specialty>pulmonary diseases</specialty>
   <subset>CXR</subset>
   <MedlineCitation Owner="Indiana University" Status="supplied by publisher">
   
      <Article PubModel="Electronic">
      
         <Journal>
         
            <JournalIssue>
            
               <PubDate>
               
                  <Year>2013</Year>
               
                  <Month>08</Month>
               
                  <Day>01</Day>
            
               </PubDate>
         
            </JournalIssue>
      
         </Journal>
      
         <ArticleTitle>Indiana University Chest X-ray Collection</ArticleTitle>
      
         <Abstract>
         
            <AbstractText Label="COMPARISON"/>
         
            <AbstractText Label="INDICATION">Acute bronchitis.</AbstractText>
         
            <AbstractText Label="FINDINGS">Heart size and pulmonary vascularity appear within normal limits. Retrocardiac soft tissue density is present. There appears to be air within this which could suggest that this represents a hiatal hernia. Vascular calcification is noted. Calcified granuloma is seen. There has been interval development of bandlike opacity in the left lung base. This may represent atelectasis. No pneumothorax or pleural effusion is seen. Osteopenia is present in the spine.</AbstractText>
         
            <AbstractText Label="IMPRESSION">1. Retrocardiac soft tissue density. The appearance suggests hiatal hernia. 2. XXXX left base bandlike opacity. The appearance suggests atelectasis.</AbstractText>
      
         </Abstract>
      
         <Affiliation>Indiana University</Affiliation>
      
         <AuthorList CompleteYN="Y">
         
            <Author ValidYN="Y">
            
               <LastName>Kohli</LastName>
            
               <ForeName>Marc</ForeName>
            
               <Initials>MD</Initials>
         
            </Author>
         
            <Author ValidYN="Y">
            
               <LastName>Rosenman</LastName>
            
               <ForeName>Marc</ForeName>
            
               <Initials>M</Initials>
         
            </Author>
      
         </AuthorList>
      
         <Language>eng</Language>
      
         <PublicationTypeList>
         
            <PublicationType>Radiology Report</PublicationType>
      
         </PublicationTypeList>
      
         <ArticleDate>
         
            <Year>2013</Year>
         
            <Month>08</Month>
         
            <Day>01</Day>
      
         </ArticleDate>
   
      </Article>
   
      <EssieArticleTitle>Indiana University Chest X-ray Collection</EssieArticleTitle>
   
      <IMedAuthor>Marc David Kohli MD</IMedAuthor>
   
      <IMedAuthor>Marc Rosenman M</IMedAuthor>

   </MedlineCitation>
   <MeSH>
   
      <major>Density/retrocardiac</major>
   
      <major>Calcinosis/blood vessels</major>
   
      <major>Calcified Granuloma</major>
   
      <major>Opacity/lung/base/left</major>
   
      <major>Bone Diseases, Metabolic/spine</major>
   
      <automatic>atelectases</automatic>
   
      <automatic>calcified granuloma</automatic>
   
      <automatic>hiatal hernia</automatic>
   
      <automatic>opacity</automatic>
   
      <automatic>osteopenia</automatic>
   
      <automatic>vascular calcification</automatic>
   
      <automatic>Atelectasis</automatic>
   
      <automatic>Hiatal Hernia</automatic>

   </MeSH>
   <parentImage id="CXR1003_IM-0005-2002">
      
      
      <figureId>F1</figureId>
      
      
      <caption>Xray Chest PA and Lateral</caption>
      
      
      <panel type="single">
         
         
         <url>/hadoop/storage/radiology/extract/CXR1003_IM-0005-2002.jpg</url>
         
         
         <imgModality>7</imgModality>
         
         
         <region type="panel">
            
            
            <globalImageFeatures>
               
               
               <CEDD>f2p0k710</CEDD>
               
               
               <ColorLayout>f1p0k137</ColorLayout>
               
               
               <EdgeHistogram>f0p0k338</EdgeHistogram>
               
               
               <FCTH>f4p0k369</FCTH>
               
               
               <SemanticContext60>f3p0k74</SemanticContext60>
            
            
            </globalImageFeatures>
         
         
         </region>
      
      
      </panel>
   
   
   </parentImage>
</eCitation>