<?xml version="1.0" encoding="utf-8"?>
<eCitation>
   <meta type="rr"/>
   <uId id="CXR1015"/>
   <pmcId id="1015"/>
   <docSource>CXR</docSource>
   <IUXRId id="1015"/>
   <licenseType>open-access</licenseType>
   <licenseURL>http://creativecommons.org/licenses/by-nc-nd/4.0/</licenseURL>
   <ccLicense>byncnd</ccLicense>
   <articleURL/>
   <articleDate>2013-08-01</articleDate>
   <articleType>XR</articleType>
   <publisher>Indiana University</publisher>
   <title>Indiana University Chest X-ray Collection</title>
   <note>The data are drawn from multiple hospital systems.</note>
   <specialty>pulmonary diseases</specialty>
   <subset>CXR</subset>
   <MedlineCitation Owner="Indiana University" Status="supplied by publisher">
   
      <Article PubModel="Electronic">
      
         <Journal>
         
            <JournalIssue>
            
               <PubDate>
               
                  <Year>2013</Year>
               
                  <Month>08</Month>
               
                  <Day>01</Day>
            
               </PubDate>
         
            </JournalIssue>
      
         </Journal>
      
         <ArticleTitle>Indiana University Chest X-ray Collection</ArticleTitle>
      
         <Abstract>
         
            <AbstractText Label="COMPARISON">XXXX</AbstractText>
         
            <AbstractText Label="INDICATION">XXXX-year-old female, COPD exacerbation, short of breath</AbstractText>
         
            <AbstractText Label="FINDINGS">Streaky and patchy bibasilar opacities, triangular density projected over the heart on the lateral view. No definite pleural effusion seen, no typical findings of pulmonary edema. Considering differences in technical factors XXXX stable cardiomediastinal silhouette with normal heart size.</AbstractText>
         
            <AbstractText Label="IMPRESSION">Bibasilar opacities, right greater than left, features suggest a combination of consolidation and atelectasis</AbstractText>
      
         </Abstract>
      
         <Affiliation>Indiana University</Affiliation>
      
         <AuthorList CompleteYN="Y">
         
            <Author ValidYN="Y">
            
               <LastName>Kohli</LastName>
            
               <ForeName>Marc</ForeName>
            
               <Initials>MD</Initials>
         
            </Author>
         
            <Author ValidYN="Y">
            
               <LastName>Rosenman</LastName>
            
               <ForeName>Marc</ForeName>
            
               <Initials>M</Initials>
         
            </Author>
      
         </AuthorList>
      
         <Language>eng</Language>
      
         <PublicationTypeList>
         
            <PublicationType>Radiology Report</PublicationType>
      
         </PublicationTypeList>
      
         <ArticleDate>
         
            <Year>2013</Year>
         
            <Month>08</Month>
         
            <Day>01</Day>
      
         </ArticleDate>
   
      </Article>
   
      <EssieArticleTitle>Indiana University Chest X-ray Collection</EssieArticleTitle>
   
      <IMedAuthor>Marc David Kohli MD</IMedAuthor>
   
      <IMedAuthor>Marc Rosenman M</IMedAuthor>

   </MedlineCitation>
   <MeSH>
   
      <major>Opacity/lung/base/bilateral/patchy/streaky</major>
   
      <major>Technical Quality of Image Unsatisfactory </major>
   
      <automatic>atelectases</automatic>
   
      <automatic>opacity</automatic>
   
      <automatic>Atelectasis</automatic>

   </MeSH>
   <parentImage id="CXR1015_IM-0001-1001">
      
      
      <figureId>F1</figureId>
      
      
      <caption>PA and Lateral Chest</caption>
      
      
      <panel type="single">
         
         
         <url>/hadoop/storage/radiology/extract/CXR1015_IM-0001-1001.jpg</url>
         
         
         <imgModality>7</imgModality>
         
         
         <region type="panel">
            
            
            <globalImageFeatures>
               
               
               <CEDD>f2p0k377</CEDD>
               
               
               <ColorLayout>f1p0k109</ColorLayout>
               
               
               <EdgeHistogram>f0p0k97</EdgeHistogram>
               
               
               <FCTH>f4p0k2423</FCTH>
               
               
               <SemanticContext60>f3p0k181</SemanticContext60>
            
            
            </globalImageFeatures>
         
         
         </region>
      
      
      </panel>
   
   
   </parentImage>
   <parentImage id="CXR1015_IM-0001-2001">
      
      
      <figureId>F2</figureId>
      
      
      <caption>PA and Lateral Chest</caption>
      
      
      <panel type="single">
         
         
         <url>/hadoop/storage/radiology/extract/CXR1015_IM-0001-2001.jpg</url>
         
         
         <imgModality>7</imgModality>
         
         
         <region type="panel">
            
            
            <globalImageFeatures>
               
               
               <CEDD>f2p0k377</CEDD>
               
               
               <ColorLayout>f1p0k36</ColorLayout>
               
               
               <EdgeHistogram>f0p0k666</EdgeHistogram>
               
               
               <FCTH>f4p0k1133</FCTH>
               
               
               <SemanticContext60>f3p0k277</SemanticContext60>
            
            
            </globalImageFeatures>
         
         
         </region>
      
      
      </panel>
   
   
   </parentImage>
   <parentImage id="CXR1015_IM-0013-1001">
      
      
      <figureId>F3</figureId>
      
      
      <caption>PA and Lateral Chest</caption>
      
      
      <panel type="single">
         
         
         <url>/hadoop/storage/radiology/extract/CXR1015_IM-0013-1001.jpg</url>
         
         
         <imgModality>7</imgModality>
         
         
         <region type="panel">
            
            
            <globalImageFeatures>
               
               
               <CEDD>f2p0k377</CEDD>
               
               
               <ColorLayout>f1p0k109</ColorLayout>
               
               
               <EdgeHistogram>f0p0k97</EdgeHistogram>
               
               
               <FCTH>f4p0k2423</FCTH>
               
               
               <SemanticContext60>f3p0k181</SemanticContext60>
            
            
            </globalImageFeatures>
         
         
         </region>
      
      
      </panel>
   
   
   </parentImage>
   <parentImage id="CXR1015_IM-0013-2001">
      
      
      <figureId>F4</figureId>
      
      
      <caption>PA and Lateral Chest</caption>
      
      
      <panel type="single">
         
         
         <url>/hadoop/storage/radiology/extract/CXR1015_IM-0013-2001.jpg</url>
         
         
         <imgModality>7</imgModality>
         
         
         <region type="panel">
            
            
            <globalImageFeatures>
               
               
               <CEDD>f2p0k377</CEDD>
               
               
               <ColorLayout>f1p0k36</ColorLayout>
               
               
               <EdgeHistogram>f0p0k666</EdgeHistogram>
               
               
               <FCTH>f4p0k1133</FCTH>
               
               
               <SemanticContext60>f3p0k277</SemanticContext60>
            
            
            </globalImageFeatures>
         
         
         </region>
      
      
      </panel>
   
   
   </parentImage>
</eCitation>