<?xml version="1.0" encoding="utf-8"?>
<eCitation>
   <meta type="rr"/>
   <uId id="CXR1048"/>
   <pmcId id="1048"/>
   <docSource>CXR</docSource>
   <IUXRId id="1048"/>
   <licenseType>open-access</licenseType>
   <licenseURL>http://creativecommons.org/licenses/by-nc-nd/4.0/</licenseURL>
   <ccLicense>byncnd</ccLicense>
   <articleURL/>
   <articleDate>2013-08-01</articleDate>
   <articleType>XR</articleType>
   <publisher>Indiana University</publisher>
   <title>Indiana University Chest X-ray Collection</title>
   <note>The data are drawn from multiple hospital systems.</note>
   <specialty>pulmonary diseases</specialty>
   <subset>CXR</subset>
   <MedlineCitation Owner="Indiana University" Status="supplied by publisher">
   
      <Article PubModel="Electronic">
      
         <Journal>
         
            <JournalIssue>
            
               <PubDate>
               
                  <Year>2013</Year>
               
                  <Month>08</Month>
               
                  <Day>01</Day>
            
               </PubDate>
         
            </JournalIssue>
      
         </Journal>
      
         <ArticleTitle>Indiana University Chest X-ray Collection</ArticleTitle>
      
         <Abstract>
         
            <AbstractText Label="COMPARISON">None available.</AbstractText>
         
            <AbstractText Label="INDICATION">XXXX-year-old XXXX, preoperative evaluation for prostate surgery scheduled XXXX.</AbstractText>
         
            <AbstractText Label="FINDINGS">Heart size, mediastinal contour, and pulmonary vascularity are within normal limits. No focal consolidation, suspicious pulmonary opacity, large pleural effusion, or pneumothorax is identified. Visualized osseous structures appear intact. Mild bilateral acromioclavicular joint and thoracic spine degenerative changes are noted.</AbstractText>
         
            <AbstractText Label="IMPRESSION">No acute cardiopulmonary abnormality.</AbstractText>
      
         </Abstract>
      
         <Affiliation>Indiana University</Affiliation>
      
         <AuthorList CompleteYN="Y">
         
            <Author ValidYN="Y">
            
               <LastName>Kohli</LastName>
            
               <ForeName>Marc</ForeName>
            
               <Initials>MD</Initials>
         
            </Author>
         
            <Author ValidYN="Y">
            
               <LastName>Rosenman</LastName>
            
               <ForeName>Marc</ForeName>
            
               <Initials>M</Initials>
         
            </Author>
      
         </AuthorList>
      
         <Language>eng</Language>
      
         <PublicationTypeList>
         
            <PublicationType>Radiology Report</PublicationType>
      
         </PublicationTypeList>
      
         <ArticleDate>
         
            <Year>2013</Year>
         
            <Month>08</Month>
         
            <Day>01</Day>
      
         </ArticleDate>
   
      </Article>
   
      <EssieArticleTitle>Indiana University Chest X-ray Collection</EssieArticleTitle>
   
      <IMedAuthor>Marc David Kohli MD</IMedAuthor>
   
      <IMedAuthor>Marc Rosenman M</IMedAuthor>

   </MedlineCitation>
   <MeSH>
   
      <major>Thoracic Vertebrae/degenerative</major>
   
      <major>Shoulder/bilateral/degenerative/mild</major>
   
      <automatic>degenerative change</automatic>

   </MeSH>
   <parentImage id="CXR1048_IM-0036-1001">
      
      
      <figureId>F1</figureId>
      
      
      <caption>PA and Lateral Chest: XXXX at 13: 07 hours.</caption>
      
      
      <panel type="single">
         
         
         <url>/hadoop/storage/radiology/extract/CXR1048_IM-0036-1001.jpg</url>
         
         
         <imgModality>7</imgModality>
         
         
         <region type="panel">
            
            
            <globalImageFeatures>
               
               
               <CEDD>f2p0k710</CEDD>
               
               
               <ColorLayout>f1p0k137</ColorLayout>
               
               
               <EdgeHistogram>f0p0k338</EdgeHistogram>
               
               
               <FCTH>f4p0k2450</FCTH>
               
               
               <SemanticContext60>f3p0k181</SemanticContext60>
            
            
            </globalImageFeatures>
         
         
         </region>
      
      
      </panel>
   
   
   </parentImage>
   <parentImage id="CXR1048_IM-0036-2001">
      
      
      <figureId>F2</figureId>
      
      
      <caption>PA and Lateral Chest: XXXX at 13: 07 hours.</caption>
      
      
      <panel type="single">
         
         
         <url>/hadoop/storage/radiology/extract/CXR1048_IM-0036-2001.jpg</url>
         
         
         <imgModality>7</imgModality>
         
         
         <region type="panel">
            
            
            <globalImageFeatures>
               
               
               <CEDD>f2p0k377</CEDD>
               
               
               <ColorLayout>f1p0k66</ColorLayout>
               
               
               <EdgeHistogram>f0p0k593</EdgeHistogram>
               
               
               <FCTH>f4p0k1133</FCTH>
               
               
               <SemanticContext60>f3p0k181</SemanticContext60>
            
            
            </globalImageFeatures>
         
         
         </region>
      
      
      </panel>
   
   
   </parentImage>
</eCitation>