<?xml version="1.0" encoding="utf-8"?>
<eCitation>
   <meta type="rr"/>
   <uId id="CXR1065"/>
   <pmcId id="1065"/>
   <docSource>CXR</docSource>
   <IUXRId id="1065"/>
   <licenseType>open-access</licenseType>
   <licenseURL>http://creativecommons.org/licenses/by-nc-nd/4.0/</licenseURL>
   <ccLicense>byncnd</ccLicense>
   <articleURL/>
   <articleDate>2013-08-01</articleDate>
   <articleType>XR</articleType>
   <publisher>Indiana University</publisher>
   <title>Indiana University Chest X-ray Collection</title>
   <note>The data are drawn from multiple hospital systems.</note>
   <specialty>pulmonary diseases</specialty>
   <subset>CXR</subset>
   <MedlineCitation Owner="Indiana University" Status="supplied by publisher">
   
      <Article PubModel="Electronic">
      
         <Journal>
         
            <JournalIssue>
            
               <PubDate>
               
                  <Year>2013</Year>
               
                  <Month>08</Month>
               
                  <Day>01</Day>
            
               </PubDate>
         
            </JournalIssue>
      
         </Journal>
      
         <ArticleTitle>Indiana University Chest X-ray Collection</ArticleTitle>
      
         <Abstract>
         
            <AbstractText Label="COMPARISON">Chest x-XXXX XXXX XXXX</AbstractText>
         
            <AbstractText Label="INDICATION">XXXX-year-old male, history of laryngeal carcinoma, surveillance</AbstractText>
         
            <AbstractText Label="FINDINGS">There has been interval CABG. Sternotomy and XXXX cerclage XXXX appear intact. No focal air space opacity. No pleural effusion or pneumothorax. Stable, mild degenerative disc disease of the thoracic spine. Visualized bony structures are otherwise unremarkable in appearance. Atherosclerotic calcifications of the thoracic aorta.</AbstractText>
         
            <AbstractText Label="IMPRESSION">1. Clear lungs. No acute chest findings. 2. Peripheral vascular disease.</AbstractText>
      
         </Abstract>
      
         <Affiliation>Indiana University</Affiliation>
      
         <AuthorList CompleteYN="Y">
         
            <Author ValidYN="Y">
            
               <LastName>Kohli</LastName>
            
               <ForeName>Marc</ForeName>
            
               <Initials>MD</Initials>
         
            </Author>
         
            <Author ValidYN="Y">
            
               <LastName>Rosenman</LastName>
            
               <ForeName>Marc</ForeName>
            
               <Initials>M</Initials>
         
            </Author>
      
         </AuthorList>
      
         <Language>eng</Language>
      
         <PublicationTypeList>
         
            <PublicationType>Radiology Report</PublicationType>
      
         </PublicationTypeList>
      
         <ArticleDate>
         
            <Year>2013</Year>
         
            <Month>08</Month>
         
            <Day>01</Day>
      
         </ArticleDate>
   
      </Article>
   
      <EssieArticleTitle>Indiana University Chest X-ray Collection</EssieArticleTitle>
   
      <IMedAuthor>Marc David Kohli MD</IMedAuthor>
   
      <IMedAuthor>Marc Rosenman M</IMedAuthor>

   </MedlineCitation>
   <MeSH>
   
      <major>Thoracic Vertebrae/degenerative/mild</major>
   
      <major>Atherosclerosis/aorta, thoracic</major>
   
      <automatic>degenerative disc diseases</automatic>
   
      <automatic>peripheral vascular disease</automatic>
   
      <automatic>cabg</automatic>
   
      <automatic>sternotomy</automatic>
   
      <automatic>Peripheral Vascular Disease</automatic>
   
      <automatic>Thoracic Aorta</automatic>

   </MeSH>
   <parentImage id="CXR1065_IM-0046-1001">
      
      
      <figureId>F1</figureId>
      
      
      <caption>PA lateral chest x-XXXX XXXX, XXXX XXXX hours </caption>
      
      
      <panel type="single">
         
         
         <url>/hadoop/storage/radiology/extract/CXR1065_IM-0046-1001.jpg</url>
         
         
         <imgModality>7</imgModality>
         
         
         <region type="panel">
            
            
            <globalImageFeatures>
               
               
               <CEDD>f2p0k166</CEDD>
               
               
               <ColorLayout>f1p0k98</ColorLayout>
               
               
               <EdgeHistogram>f0p0k338</EdgeHistogram>
               
               
               <FCTH>f4p0k1972</FCTH>
               
               
               <SemanticContext60>f3p0k223</SemanticContext60>
            
            
            </globalImageFeatures>
         
         
         </region>
      
      
      </panel>
   
   
   </parentImage>
   <parentImage id="CXR1065_IM-0046-2001">
      
      
      <figureId>F2</figureId>
      
      
      <caption>PA lateral chest x-XXXX XXXX, XXXX XXXX hours </caption>
      
      
      <panel type="single">
         
         
         <url>/hadoop/storage/radiology/extract/CXR1065_IM-0046-2001.jpg</url>
         
         
         <imgModality>7</imgModality>
         
         
         <region type="panel">
            
            
            <globalImageFeatures>
               
               
               <CEDD>f2p0k166</CEDD>
               
               
               <ColorLayout>f1p0k83</ColorLayout>
               
               
               <EdgeHistogram>f0p0k1179</EdgeHistogram>
               
               
               <FCTH>f4p0k28</FCTH>
               
               
               <SemanticContext60>f3p0k151</SemanticContext60>
            
            
            </globalImageFeatures>
         
         
         </region>
      
      
      </panel>
   
   
   </parentImage>
</eCitation>