<?xml version="1.0" encoding="utf-8"?>
<eCitation>
   <meta type="rr"/>
   <uId id="CXR1072"/>
   <pmcId id="1072"/>
   <docSource>CXR</docSource>
   <IUXRId id="1072"/>
   <licenseType>open-access</licenseType>
   <licenseURL>http://creativecommons.org/licenses/by-nc-nd/4.0/</licenseURL>
   <ccLicense>byncnd</ccLicense>
   <articleURL/>
   <articleDate>2013-08-01</articleDate>
   <articleType>XR</articleType>
   <publisher>Indiana University</publisher>
   <title>Indiana University Chest X-ray Collection</title>
   <note>The data are drawn from multiple hospital systems.</note>
   <specialty>pulmonary diseases</specialty>
   <subset>CXR</subset>
   <MedlineCitation Owner="Indiana University" Status="supplied by publisher">
   
      <Article PubModel="Electronic">
      
         <Journal>
         
            <JournalIssue>
            
               <PubDate>
               
                  <Year>2013</Year>
               
                  <Month>08</Month>
               
                  <Day>01</Day>
            
               </PubDate>
         
            </JournalIssue>
      
         </Journal>
      
         <ArticleTitle>Indiana University Chest X-ray Collection</ArticleTitle>
      
         <Abstract>
         
            <AbstractText Label="COMPARISON">PA and lateral chest XXXX.</AbstractText>
         
            <AbstractText Label="INDICATION">XXXX year old syncopal episode tonight.</AbstractText>
         
            <AbstractText Label="FINDINGS">The heart and mediastinal contours are stable. Aorta is calcified and tortuous, compatible with atherosclerotic disease. Since the prior study, there's been interval development of left lower lobe airspace disease. The right lung is clear.</AbstractText>
         
            <AbstractText Label="IMPRESSION">1. Interval development of left lower lobe airspace disease. This may be due to atelectasis or infiltrate.</AbstractText>
      
         </Abstract>
      
         <Affiliation>Indiana University</Affiliation>
      
         <AuthorList CompleteYN="Y">
         
            <Author ValidYN="Y">
            
               <LastName>Kohli</LastName>
            
               <ForeName>Marc</ForeName>
            
               <Initials>MD</Initials>
         
            </Author>
         
            <Author ValidYN="Y">
            
               <LastName>Rosenman</LastName>
            
               <ForeName>Marc</ForeName>
            
               <Initials>M</Initials>
         
            </Author>
      
         </AuthorList>
      
         <Language>eng</Language>
      
         <PublicationTypeList>
         
            <PublicationType>Radiology Report</PublicationType>
      
         </PublicationTypeList>
      
         <ArticleDate>
         
            <Year>2013</Year>
         
            <Month>08</Month>
         
            <Day>01</Day>
      
         </ArticleDate>
   
      </Article>
   
      <EssieArticleTitle>Indiana University Chest X-ray Collection</EssieArticleTitle>
   
      <IMedAuthor>Marc David Kohli MD</IMedAuthor>
   
      <IMedAuthor>Marc Rosenman M</IMedAuthor>

   </MedlineCitation>
   <MeSH>
   
      <major>Aorta/tortuous</major>
   
      <major>Atherosclerosis/aorta</major>
   
      <major>Airspace Disease/lung/lower lobe/left</major>
   
      <automatic>atelectases</automatic>
   
      <automatic>infiltrates</automatic>
   
      <automatic>Atelectasis</automatic>

   </MeSH>
   <parentImage id="CXR1072_IM-0052-1001-0001">
      
      
      <figureId>F1</figureId>
      
      
      <caption>Xray Chest PA and Lateral</caption>
      
      
      <panel type="single">
         
         
         <url>/hadoop/storage/radiology/extract/CXR1072_IM-0052-1001-0001.jpg</url>
         
         
         <imgModality>7</imgModality>
         
         
         <region type="panel">
            
            
            <globalImageFeatures>
               
               
               <CEDD>f2p0k754</CEDD>
               
               
               <ColorLayout>f1p0k75</ColorLayout>
               
               
               <EdgeHistogram>f0p0k813</EdgeHistogram>
               
               
               <FCTH>f4p0k1133</FCTH>
               
               
               <SemanticContext60>f3p0k277</SemanticContext60>
            
            
            </globalImageFeatures>
         
         
         </region>
      
      
      </panel>
   
   
   </parentImage>
   <parentImage id="CXR1072_IM-0052-1001-0002">
      
      
      <figureId>F2</figureId>
      
      
      <caption>Xray Chest PA and Lateral</caption>
      
      
      <panel type="single">
         
         
         <url>/hadoop/storage/radiology/extract/CXR1072_IM-0052-1001-0002.jpg</url>
         
         
         <imgModality>7</imgModality>
         
         
         <region type="panel">
            
            
            <globalImageFeatures>
               
               
               <CEDD>f2p0k1056</CEDD>
               
               
               <ColorLayout>f1p0k36</ColorLayout>
               
               
               <EdgeHistogram>f0p0k338</EdgeHistogram>
               
               
               <FCTH>f4p0k28</FCTH>
               
               
               <SemanticContext60>f3p0k238</SemanticContext60>
            
            
            </globalImageFeatures>
         
         
         </region>
      
      
      </panel>
   
   
   </parentImage>
</eCitation>