<?xml version="1.0" encoding="utf-8"?>
<eCitation>
   <meta type="rr"/>
   <uId id="CXR1075"/>
   <pmcId id="1075"/>
   <docSource>CXR</docSource>
   <IUXRId id="1075"/>
   <licenseType>open-access</licenseType>
   <licenseURL>http://creativecommons.org/licenses/by-nc-nd/4.0/</licenseURL>
   <ccLicense>byncnd</ccLicense>
   <articleURL/>
   <articleDate>2013-08-01</articleDate>
   <articleType>XR</articleType>
   <publisher>Indiana University</publisher>
   <title>Indiana University Chest X-ray Collection</title>
   <note>The data are drawn from multiple hospital systems.</note>
   <specialty>pulmonary diseases</specialty>
   <subset>CXR</subset>
   <MedlineCitation Owner="Indiana University" Status="supplied by publisher">
   
      <Article PubModel="Electronic">
      
         <Journal>
         
            <JournalIssue>
            
               <PubDate>
               
                  <Year>2013</Year>
               
                  <Month>08</Month>
               
                  <Day>01</Day>
            
               </PubDate>
         
            </JournalIssue>
      
         </Journal>
      
         <ArticleTitle>Indiana University Chest X-ray Collection</ArticleTitle>
      
         <Abstract>
         
            <AbstractText Label="COMPARISON">XXXX of the chest dated XXXX, XXXX 11 from XXXX.</AbstractText>
         
            <AbstractText Label="INDICATION">Shortness of breath.</AbstractText>
         
            <AbstractText Label="FINDINGS">Lungs are hyperinflated with interstitial changes of severe emphysema. There is an ill-defined pleural parenchymal opacity in the left upper lobe. This may represent scarring but is incompletely evaluated on the outside study, without coronal and sagittal reformats. There is mild XXXX scarring and/or atelectasis in the lung bases. Lungs otherwise grossly clear. There is no pneumothorax or pleural effusion. Heart size is normal. There are mild degenerative endplate changes in the thoracic spine. There is generalized osteopenia.</AbstractText>
         
            <AbstractText Label="IMPRESSION">1. Severe emphysema. 2. Irregular, pleural-parenchymal opacity in left upper lobe. This may irregular pleural-parenchymal scarring, however, recommend comparison with more remote outside imaging, if available to determine long-term stability. If none are available, recommend short-term XXXX in 3 to 4 months. Evaluation of coronal and sagittal reformatted images from the outside study would also be helpful. These were not XXXX available at the outside institution. Malignancy cannot be confidently excluded on the available images.</AbstractText>
      
         </Abstract>
      
         <Affiliation>Indiana University</Affiliation>
      
         <AuthorList CompleteYN="Y">
         
            <Author ValidYN="Y">
            
               <LastName>Kohli</LastName>
            
               <ForeName>Marc</ForeName>
            
               <Initials>MD</Initials>
         
            </Author>
         
            <Author ValidYN="Y">
            
               <LastName>Rosenman</LastName>
            
               <ForeName>Marc</ForeName>
            
               <Initials>M</Initials>
         
            </Author>
      
         </AuthorList>
      
         <Language>eng</Language>
      
         <PublicationTypeList>
         
            <PublicationType>Radiology Report</PublicationType>
      
         </PublicationTypeList>
      
         <ArticleDate>
         
            <Year>2013</Year>
         
            <Month>08</Month>
         
            <Day>01</Day>
      
         </ArticleDate>
   
      </Article>
   
      <EssieArticleTitle>Indiana University Chest X-ray Collection</EssieArticleTitle>
   
      <IMedAuthor>Marc David Kohli MD</IMedAuthor>
   
      <IMedAuthor>Marc Rosenman M</IMedAuthor>

   </MedlineCitation>
   <MeSH>
   
      <major>Lung/hyperdistention</major>
   
      <major>Pulmonary Emphysema/severe</major>
   
      <major>Opacity/pleura/upper lobe/left/irregular</major>
   
      <major>Cicatrix/lung/base/bilateral/mild</major>
   
      <major>Pulmonary Atelectasis/base/bilateral/mild</major>
   
      <major>Thoracic Vertebrae/degenerative/mild</major>
   
      <major>Bone Diseases, Metabolic</major>
   
      <automatic>atelectases</automatic>
   
      <automatic>emphysemas</automatic>
   
      <automatic>generalized osteopenia</automatic>
   
      <automatic>opacity</automatic>
   
      <automatic>scarring</automatic>
   
      <automatic>Atelectasis</automatic>
   
      <automatic>Emphysema</automatic>
   
      <automatic>Pulmonary Emphysema</automatic>
   
      <automatic>Scarring</automatic>

   </MeSH>
   <parentImage id="CXR1075_IM-0054-1001">
      
      
      <figureId>F1</figureId>
      
      
      <caption>PA and lateral views of the chest dated XXXX, XXXX.</caption>
      
      
      <panel type="single">
         
         
         <url>/hadoop/storage/radiology/extract/CXR1075_IM-0054-1001.jpg</url>
         
         
         <imgModality>7</imgModality>
         
         
         <region type="panel">
            
            
            <globalImageFeatures>
               
               
               <CEDD>f2p0k710</CEDD>
               
               
               <ColorLayout>f1p0k137</ColorLayout>
               
               
               <EdgeHistogram>f0p0k338</EdgeHistogram>
               
               
               <FCTH>f4p0k1282</FCTH>
               
               
               <SemanticContext60>f3p0k181</SemanticContext60>
            
            
            </globalImageFeatures>
         
         
         </region>
      
      
      </panel>
   
   
   </parentImage>
   <parentImage id="CXR1075_IM-0054-2001">
      
      
      <figureId>F2</figureId>
      
      
      <caption>PA and lateral views of the chest dated XXXX, XXXX.</caption>
      
      
      <panel type="single">
         
         
         <url>/hadoop/storage/radiology/extract/CXR1075_IM-0054-2001.jpg</url>
         
         
         <imgModality>7</imgModality>
         
         
         <region type="panel">
            
            
            <globalImageFeatures>
               
               
               <CEDD>f2p0k377</CEDD>
               
               
               <ColorLayout>f1p0k36</ColorLayout>
               
               
               <EdgeHistogram>f0p0k518</EdgeHistogram>
               
               
               <FCTH>f4p0k2423</FCTH>
               
               
               <SemanticContext60>f3p0k74</SemanticContext60>
            
            
            </globalImageFeatures>
         
         
         </region>
      
      
      </panel>
   
   
   </parentImage>
</eCitation>