<?xml version="1.0" encoding="utf-8"?>
<eCitation>
   <meta type="rr"/>
   <uId id="CXR1076"/>
   <pmcId id="1076"/>
   <docSource>CXR</docSource>
   <IUXRId id="1076"/>
   <licenseType>open-access</licenseType>
   <licenseURL>http://creativecommons.org/licenses/by-nc-nd/4.0/</licenseURL>
   <ccLicense>byncnd</ccLicense>
   <articleURL/>
   <articleDate>2013-08-01</articleDate>
   <articleType>XR</articleType>
   <publisher>Indiana University</publisher>
   <title>Indiana University Chest X-ray Collection</title>
   <note>The data are drawn from multiple hospital systems.</note>
   <specialty>pulmonary diseases</specialty>
   <subset>CXR</subset>
   <MedlineCitation Owner="Indiana University" Status="supplied by publisher">
   
      <Article PubModel="Electronic">
      
         <Journal>
         
            <JournalIssue>
            
               <PubDate>
               
                  <Year>2013</Year>
               
                  <Month>08</Month>
               
                  <Day>01</Day>
            
               </PubDate>
         
            </JournalIssue>
      
         </Journal>
      
         <ArticleTitle>Indiana University Chest X-ray Collection</ArticleTitle>
      
         <Abstract>
         
            <AbstractText Label="COMPARISON">None available.</AbstractText>
         
            <AbstractText Label="INDICATION">INDICATION: SHORT OF BREATH; -- Admit Comments: UTI PERSISTENT XXXX</AbstractText>
         
            <AbstractText Label="FINDINGS">There is opacity at posterior aspect of lower chest seen on lateral view which probably represents left lower lobe consolidation. There may also be small bilateral pleural effusion. Upper limits of normal heart size. Mild central vascular prominence. Old fracture deformities of multiple right ribs.</AbstractText>
         
            <AbstractText Label="IMPRESSION">1. Question of left lower lobe pneumonia and/or pleural effusion. 2. Borderline heart size with mild central vascular congestive changes.</AbstractText>
      
         </Abstract>
      
         <Affiliation>Indiana University</Affiliation>
      
         <AuthorList CompleteYN="Y">
         
            <Author ValidYN="Y">
            
               <LastName>Kohli</LastName>
            
               <ForeName>Marc</ForeName>
            
               <Initials>MD</Initials>
         
            </Author>
         
            <Author ValidYN="Y">
            
               <LastName>Rosenman</LastName>
            
               <ForeName>Marc</ForeName>
            
               <Initials>M</Initials>
         
            </Author>
      
         </AuthorList>
      
         <Language>eng</Language>
      
         <PublicationTypeList>
         
            <PublicationType>Radiology Report</PublicationType>
      
         </PublicationTypeList>
      
         <ArticleDate>
         
            <Year>2013</Year>
         
            <Month>08</Month>
         
            <Day>01</Day>
      
         </ArticleDate>
   
      </Article>
   
      <EssieArticleTitle>Indiana University Chest X-ray Collection</EssieArticleTitle>
   
      <IMedAuthor>Marc David Kohli MD</IMedAuthor>
   
      <IMedAuthor>Marc Rosenman M</IMedAuthor>

   </MedlineCitation>
   <MeSH>
   
      <major>Opacity/thorax/posterior</major>
   
      <major>Consolidation/lung/lower lobe/left</major>
   
      <major>Pulmonary Congestion/mild</major>
   
      <major>Fractures, Bone/ribs/right/multiple/healed</major>
   
      <major>Deformity/ribs/right/multiple/healed</major>
   
      <major>Cardiomegaly/borderline</major>
   
      <automatic>bilateral pleural effusion</automatic>
   
      <automatic>deformity</automatic>
   
      <automatic>fracture</automatic>
   
      <automatic>left lower lobe pneumonia</automatic>
   
      <automatic>opacity</automatic>
   
      <automatic>Pleural Effusion</automatic>
   
      <automatic>Pneumonia</automatic>

   </MeSH>
   <parentImage id="CXR1076_IM-0054-1001">
      
      
      <figureId>F1</figureId>
      
      
      <caption>Xray Chest PA and Lateral - XRXXXX </caption>
      
      
      <panel type="single">
         
         
         <url>/hadoop/storage/radiology/extract/CXR1076_IM-0054-1001.jpg</url>
         
         
         <imgModality>7</imgModality>
         
         
         <region type="panel">
            
            
            <globalImageFeatures>
               
               
               <CEDD>f2p0k710</CEDD>
               
               
               <ColorLayout>f1p0k137</ColorLayout>
               
               
               <EdgeHistogram>f0p0k338</EdgeHistogram>
               
               
               <FCTH>f4p0k1282</FCTH>
               
               
               <SemanticContext60>f3p0k181</SemanticContext60>
            
            
            </globalImageFeatures>
         
         
         </region>
      
      
      </panel>
   
   
   </parentImage>
   <parentImage id="CXR1076_IM-0054-3001">
      
      
      <figureId>F2</figureId>
      
      
      <caption>Xray Chest PA and Lateral - XRXXXX </caption>
      
      
      <panel type="single">
         
         
         <url>/hadoop/storage/radiology/extract/CXR1076_IM-0054-3001.jpg</url>
         
         
         <imgModality>7</imgModality>
         
         
         <region type="panel">
            
            
            <globalImageFeatures>
               
               
               <CEDD>f2p0k377</CEDD>
               
               
               <ColorLayout>f1p0k129</ColorLayout>
               
               
               <EdgeHistogram>f0p0k518</EdgeHistogram>
               
               
               <FCTH>f4p0k1133</FCTH>
               
               
               <SemanticContext60>f3p0k230</SemanticContext60>
            
            
            </globalImageFeatures>
         
         
         </region>
      
      
      </panel>
   
   
   </parentImage>
</eCitation>