<?xml version="1.0" encoding="utf-8"?>
<eCitation>
   <meta type="rr"/>
   <uId id="CXR1084"/>
   <pmcId id="1084"/>
   <docSource>CXR</docSource>
   <IUXRId id="1084"/>
   <licenseType>open-access</licenseType>
   <licenseURL>http://creativecommons.org/licenses/by-nc-nd/4.0/</licenseURL>
   <ccLicense>byncnd</ccLicense>
   <articleURL/>
   <articleDate>2013-08-01</articleDate>
   <articleType>XR</articleType>
   <publisher>Indiana University</publisher>
   <title>Indiana University Chest X-ray Collection</title>
   <note>The data are drawn from multiple hospital systems.</note>
   <specialty>pulmonary diseases</specialty>
   <subset>CXR</subset>
   <MedlineCitation Owner="Indiana University" Status="supplied by publisher">
   
      <Article PubModel="Electronic">
      
         <Journal>
         
            <JournalIssue>
            
               <PubDate>
               
                  <Year>2013</Year>
               
                  <Month>08</Month>
               
                  <Day>01</Day>
            
               </PubDate>
         
            </JournalIssue>
      
         </Journal>
      
         <ArticleTitle>Indiana University Chest X-ray Collection</ArticleTitle>
      
         <Abstract>
         
            <AbstractText Label="COMPARISON">None.</AbstractText>
         
            <AbstractText Label="INDICATION">SOB WITH XXXX</AbstractText>
         
            <AbstractText Label="FINDINGS">The trachea is midline. The cardiomediastinal silhouette is normal. The lungs are clear, without evidence of acute infiltrate or effusion. There is no pneumothorax. The visualized bony structures reveal no acute abnormalities.</AbstractText>
         
            <AbstractText Label="IMPRESSION"/>
      
         </Abstract>
      
         <Affiliation>Indiana University</Affiliation>
      
         <AuthorList CompleteYN="Y">
         
            <Author ValidYN="Y">
            
               <LastName>Kohli</LastName>
            
               <ForeName>Marc</ForeName>
            
               <Initials>MD</Initials>
         
            </Author>
         
            <Author ValidYN="Y">
            
               <LastName>Rosenman</LastName>
            
               <ForeName>Marc</ForeName>
            
               <Initials>M</Initials>
         
            </Author>
      
         </AuthorList>
      
         <Language>eng</Language>
      
         <PublicationTypeList>
         
            <PublicationType>Radiology Report</PublicationType>
      
         </PublicationTypeList>
      
         <ArticleDate>
         
            <Year>2013</Year>
         
            <Month>08</Month>
         
            <Day>01</Day>
      
         </ArticleDate>
   
      </Article>
   
      <EssieArticleTitle>Indiana University Chest X-ray Collection</EssieArticleTitle>
   
      <IMedAuthor>Marc David Kohli MD</IMedAuthor>
   
      <IMedAuthor>Marc Rosenman M</IMedAuthor>

   </MedlineCitation>
   <MeSH>
   
      <major>normal</major>

   </MeSH>
   <parentImage id="CXR1084_IM-0058-1001">
      
      
      <figureId>F1</figureId>
      
      
      <caption>CHEST 2V FRONTAL/LATERAL XXXX, XXXX XXXX PM </caption>
      
      
      <panel type="single">
         
         
         <url>/hadoop/storage/radiology/extract/CXR1084_IM-0058-1001.jpg</url>
         
         
         <imgModality>7</imgModality>
         
         
         <region type="panel">
            
            
            <globalImageFeatures>
               
               
               <CEDD>f2p0k166</CEDD>
               
               
               <ColorLayout>f1p0k36</ColorLayout>
               
               
               <EdgeHistogram>f0p0k338</EdgeHistogram>
               
               
               <FCTH>f4p0k257</FCTH>
               
               
               <SemanticContext60>f3p0k277</SemanticContext60>
            
            
            </globalImageFeatures>
         
         
         </region>
      
      
      </panel>
   
   
   </parentImage>
   <parentImage id="CXR1084_IM-0058-2001">
      
      
      <figureId>F2</figureId>
      
      
      <caption>CHEST 2V FRONTAL/LATERAL XXXX, XXXX XXXX PM </caption>
      
      
      <panel type="single">
         
         
         <url>/hadoop/storage/radiology/extract/CXR1084_IM-0058-2001.jpg</url>
         
         
         <imgModality>7</imgModality>
         
         
         <region type="panel">
            
            
            <globalImageFeatures>
               
               
               <CEDD>f2p0k706</CEDD>
               
               
               <ColorLayout>f1p0k36</ColorLayout>
               
               
               <EdgeHistogram>f0p0k518</EdgeHistogram>
               
               
               <FCTH>f4p0k2423</FCTH>
               
               
               <SemanticContext60>f3p0k74</SemanticContext60>
            
            
            </globalImageFeatures>
         
         
         </region>
      
      
      </panel>
   
   
   </parentImage>
</eCitation>