<?xml version="1.0" encoding="utf-8"?>
<eCitation>
   <meta type="rr"/>
   <uId id="CXR112"/>
   <pmcId id="112"/>
   <docSource>CXR</docSource>
   <IUXRId id="112"/>
   <licenseType>open-access</licenseType>
   <licenseURL>http://creativecommons.org/licenses/by-nc-nd/4.0/</licenseURL>
   <ccLicense>byncnd</ccLicense>
   <articleURL/>
   <articleDate>2013-08-01</articleDate>
   <articleType>XR</articleType>
   <publisher>Indiana University</publisher>
   <title>Indiana University Chest X-ray Collection</title>
   <note>The data are drawn from multiple hospital systems.</note>
   <specialty>pulmonary diseases</specialty>
   <subset>CXR</subset>
   <MedlineCitation Owner="Indiana University" Status="supplied by publisher">
   
      <Article PubModel="Electronic">
      
         <Journal>
         
            <JournalIssue>
            
               <PubDate>
               
                  <Year>2013</Year>
               
                  <Month>08</Month>
               
                  <Day>01</Day>
            
               </PubDate>
         
            </JournalIssue>
      
         </Journal>
      
         <ArticleTitle>Indiana University Chest X-ray Collection</ArticleTitle>
      
         <Abstract>
         
            <AbstractText Label="COMPARISON">None</AbstractText>
         
            <AbstractText Label="INDICATION">PT C/O INCREASED SHORTNESS OF BREATH</AbstractText>
         
            <AbstractText Label="FINDINGS">Previous lower spine cervical fusion. Lungs are overall hyperexpanded with flattening of the diaphragms consistent with obstructive lung disease. Lungs are clear without focal consolidation. No pleural effusions or pneumothoraces. Heart and mediastinum of normal size and contour. Degenerative changes in the spine.</AbstractText>
         
            <AbstractText Label="IMPRESSION">Hyperexpanded but clear lungs.</AbstractText>
      
         </Abstract>
      
         <Affiliation>Indiana University</Affiliation>
      
         <AuthorList CompleteYN="Y">
         
            <Author ValidYN="Y">
            
               <LastName>Kohli</LastName>
            
               <ForeName>Marc</ForeName>
            
               <Initials>MD</Initials>
         
            </Author>
         
            <Author ValidYN="Y">
            
               <LastName>Rosenman</LastName>
            
               <ForeName>Marc</ForeName>
            
               <Initials>M</Initials>
         
            </Author>
      
         </AuthorList>
      
         <Language>eng</Language>
      
         <PublicationTypeList>
         
            <PublicationType>Radiology Report</PublicationType>
      
         </PublicationTypeList>
      
         <ArticleDate>
         
            <Year>2013</Year>
         
            <Month>08</Month>
         
            <Day>01</Day>
      
         </ArticleDate>
   
      </Article>
   
      <EssieArticleTitle>Indiana University Chest X-ray Collection</EssieArticleTitle>
   
      <IMedAuthor>Marc David Kohli MD</IMedAuthor>
   
      <IMedAuthor>Marc Rosenman M</IMedAuthor>

   </MedlineCitation>
   <MeSH>
   
      <major>Spinal Fusion/cervical vertebrae</major>
   
      <major>Lung/hyperdistention</major>
   
      <major>Diaphragm/flattened</major>
   
      <major>Pulmonary Disease, Chronic Obstructive</major>
   
      <major>Spine/degenerative</major>
   
      <automatic>degenerative change</automatic>
   
      <automatic>obstructive lung disease</automatic>
   
      <automatic>cervical fusion</automatic>
   
      <automatic>Spinal Fusion</automatic>
   
      <automatic>surgery</automatic>

   </MeSH>
   <parentImage id="CXR112_IM-0080-1001">
      
      
      <figureId>F1</figureId>
      
      
      <caption>PA and lateral views of the chest XXXX, XXXX XXXX XXXX </caption>
      
      
      <panel type="single">
         
         
         <url>/hadoop/storage/radiology/extract/CXR112_IM-0080-1001.jpg</url>
         
         
         <imgModality>7</imgModality>
         
         
         <region type="panel">
            
            
            <globalImageFeatures>
               
               
               <CEDD>f2p0k750</CEDD>
               
               
               <ColorLayout>f1p0k98</ColorLayout>
               
               
               <EdgeHistogram>f0p0k338</EdgeHistogram>
               
               
               <FCTH>f4p0k28</FCTH>
               
               
               <SemanticContext60>f3p0k181</SemanticContext60>
            
            
            </globalImageFeatures>
         
         
         </region>
      
      
      </panel>
   
   
   </parentImage>
   <parentImage id="CXR112_IM-0080-1002">
      
      
      <figureId>F2</figureId>
      
      
      <caption>PA and lateral views of the chest XXXX, XXXX XXXX XXXX </caption>
      
      
      <panel type="single">
         
         
         <url>/hadoop/storage/radiology/extract/CXR112_IM-0080-1002.jpg</url>
         
         
         <imgModality>7</imgModality>
         
         
         <region type="panel">
            
            
            <globalImageFeatures>
               
               
               <CEDD>f2p0k377</CEDD>
               
               
               <ColorLayout>f1p0k7</ColorLayout>
               
               
               <EdgeHistogram>f0p0k666</EdgeHistogram>
               
               
               <FCTH>f4p0k1133</FCTH>
               
               
               <SemanticContext60>f3p0k230</SemanticContext60>
            
            
            </globalImageFeatures>
         
         
         </region>
      
      
      </panel>
   
   
   </parentImage>
</eCitation>