<?xml version="1.0" encoding="utf-8"?>
<eCitation>
   <meta type="rr"/>
   <uId id="CXR1129"/>
   <pmcId id="1129"/>
   <docSource>CXR</docSource>
   <IUXRId id="1129"/>
   <licenseType>open-access</licenseType>
   <licenseURL>http://creativecommons.org/licenses/by-nc-nd/4.0/</licenseURL>
   <ccLicense>byncnd</ccLicense>
   <articleURL/>
   <articleDate>2013-08-01</articleDate>
   <articleType>XR</articleType>
   <publisher>Indiana University</publisher>
   <title>Indiana University Chest X-ray Collection</title>
   <note>The data are drawn from multiple hospital systems.</note>
   <specialty>pulmonary diseases</specialty>
   <subset>CXR</subset>
   <MedlineCitation Owner="Indiana University" Status="supplied by publisher">
   
      <Article PubModel="Electronic">
      
         <Journal>
         
            <JournalIssue>
            
               <PubDate>
               
                  <Year>2013</Year>
               
                  <Month>08</Month>
               
                  <Day>01</Day>
            
               </PubDate>
         
            </JournalIssue>
      
         </Journal>
      
         <ArticleTitle>Indiana University Chest X-ray Collection</ArticleTitle>
      
         <Abstract>
         
            <AbstractText Label="COMPARISON">XXXX, XXXX.</AbstractText>
         
            <AbstractText Label="INDICATION">XXXX, XXXX, left rib XXXX pain.</AbstractText>
         
            <AbstractText Label="FINDINGS">There is mild cardiomegaly. Pulmonary vasculature is normal in caliber. There are mild XXXX opacities bilaterally, favoring scar or atelectasis. The lungs are otherwise clear. There is no pneumothorax or pleural effusion. No acute, displaced rib fractures are demonstrated. Visualized vertebral body XXXX are grossly intact.</AbstractText>
         
            <AbstractText Label="IMPRESSION">1. Mild cardiomegaly. 2. No acute cardiopulmonary findings. Specifically, no displaced rib fractures demonstrated. .</AbstractText>
      
         </Abstract>
      
         <Affiliation>Indiana University</Affiliation>
      
         <AuthorList CompleteYN="Y">
         
            <Author ValidYN="Y">
            
               <LastName>Kohli</LastName>
            
               <ForeName>Marc</ForeName>
            
               <Initials>MD</Initials>
         
            </Author>
         
            <Author ValidYN="Y">
            
               <LastName>Rosenman</LastName>
            
               <ForeName>Marc</ForeName>
            
               <Initials>M</Initials>
         
            </Author>
      
         </AuthorList>
      
         <Language>eng</Language>
      
         <PublicationTypeList>
         
            <PublicationType>Radiology Report</PublicationType>
      
         </PublicationTypeList>
      
         <ArticleDate>
         
            <Year>2013</Year>
         
            <Month>08</Month>
         
            <Day>01</Day>
      
         </ArticleDate>
   
      </Article>
   
      <EssieArticleTitle>Indiana University Chest X-ray Collection</EssieArticleTitle>
   
      <IMedAuthor>Marc David Kohli MD</IMedAuthor>
   
      <IMedAuthor>Marc Rosenman M</IMedAuthor>

   </MedlineCitation>
   <MeSH>
   
      <major>Cardiomegaly/mild</major>
   
      <major>Opacity/lung/bilateral/mild</major>
   
      <automatic>atelectases</automatic>
   
      <automatic>opacity</automatic>
   
      <automatic>scar</automatic>
   
      <automatic>Atelectasis</automatic>
   
      <automatic>Cardiomegaly</automatic>

   </MeSH>
   <parentImage id="CXR1129_IM-0085-1001">
      
      
      <figureId>F1</figureId>
      
      
      <caption>Xray Chest PA and Lateral</caption>
      
      
      <panel type="single">
         
         
         <url>/hadoop/storage/radiology/extract/CXR1129_IM-0085-1001.jpg</url>
         
         
         <imgModality>7</imgModality>
         
         
         <region type="panel">
            
            
            <globalImageFeatures>
               
               
               <CEDD>f2p0k710</CEDD>
               
               
               <ColorLayout>f1p0k115</ColorLayout>
               
               
               <EdgeHistogram>f0p0k338</EdgeHistogram>
               
               
               <FCTH>f4p0k2450</FCTH>
               
               
               <SemanticContext60>f3p0k181</SemanticContext60>
            
            
            </globalImageFeatures>
         
         
         </region>
      
      
      </panel>
   
   
   </parentImage>
</eCitation>