<?xml version="1.0" encoding="utf-8"?>
<eCitation>
   <meta type="rr"/>
   <uId id="CXR1160"/>
   <pmcId id="1160"/>
   <docSource>CXR</docSource>
   <IUXRId id="1160"/>
   <licenseType>open-access</licenseType>
   <licenseURL>http://creativecommons.org/licenses/by-nc-nd/4.0/</licenseURL>
   <ccLicense>byncnd</ccLicense>
   <articleURL/>
   <articleDate>2013-08-01</articleDate>
   <articleType>XR</articleType>
   <publisher>Indiana University</publisher>
   <title>Indiana University Chest X-ray Collection</title>
   <note>The data are drawn from multiple hospital systems.</note>
   <specialty>pulmonary diseases</specialty>
   <subset>CXR</subset>
   <MedlineCitation Owner="Indiana University" Status="supplied by publisher">
   
      <Article PubModel="Electronic">
      
         <Journal>
         
            <JournalIssue>
            
               <PubDate>
               
                  <Year>2013</Year>
               
                  <Month>08</Month>
               
                  <Day>01</Day>
            
               </PubDate>
         
            </JournalIssue>
      
         </Journal>
      
         <ArticleTitle>Indiana University Chest X-ray Collection</ArticleTitle>
      
         <Abstract>
         
            <AbstractText Label="COMPARISON">Immigration radiograph dated XXXX, XXXX.</AbstractText>
         
            <AbstractText Label="INDICATION">XXXX immigrant. tb overseas is asymptomatic</AbstractText>
         
            <AbstractText Label="FINDINGS">The left hilum is retracted superiorly. In the collapsed left upper lobe are stranding and pneumatoceles. Additionally, pleural thickening is present in the left apex. No infiltrates are present in the left lower lobe or in the right lung. Heart size is normal. These findings are similar to the previous outside examination.</AbstractText>
         
            <AbstractText Label="IMPRESSION">Stable left upper lobe collapse associated with parenchymal scarring and pleural thickening. Findings consistent with previous active pulmonary tuberculosis pneumonia.</AbstractText>
      
         </Abstract>
      
         <Affiliation>Indiana University</Affiliation>
      
         <AuthorList CompleteYN="Y">
         
            <Author ValidYN="Y">
            
               <LastName>Kohli</LastName>
            
               <ForeName>Marc</ForeName>
            
               <Initials>MD</Initials>
         
            </Author>
         
            <Author ValidYN="Y">
            
               <LastName>Rosenman</LastName>
            
               <ForeName>Marc</ForeName>
            
               <Initials>M</Initials>
         
            </Author>
      
         </AuthorList>
      
         <Language>eng</Language>
      
         <PublicationTypeList>
         
            <PublicationType>Radiology Report</PublicationType>
      
         </PublicationTypeList>
      
         <ArticleDate>
         
            <Year>2013</Year>
         
            <Month>08</Month>
         
            <Day>01</Day>
      
         </ArticleDate>
   
      </Article>
   
      <EssieArticleTitle>Indiana University Chest X-ray Collection</EssieArticleTitle>
   
      <IMedAuthor>Marc David Kohli MD</IMedAuthor>
   
      <IMedAuthor>Marc Rosenman M</IMedAuthor>

   </MedlineCitation>
   <MeSH>
   
      <major>Pulmonary Atelectasis/upper lobe/left</major>
   
      <major>Cysts/lung/upper lobe/left</major>
   
      <major>Thickening/pleura/apex/left</major>
   
      <major>Cicatrix/lung/upper lobe/left</major>
   
      <major>Tuberculosis/lung/healed</major>
   
      <automatic>collapse</automatic>
   
      <automatic>pleural thickening</automatic>
   
      <automatic>pneumatocele</automatic>
   
      <automatic>scarring</automatic>
   
      <automatic>Pleural Diseases</automatic>
   
      <automatic>Scarring</automatic>

   </MeSH>
   <parentImage id="CXR1160_IM-0107-1001">
      
      
      <figureId>F1</figureId>
      
      
      <caption> CHEST 2V FRONTAL/LATERAL XXXX, XXXX XXXX PM </caption>
      
      
      <panel type="single">
         
         
         <url>/hadoop/storage/radiology/extract/CXR1160_IM-0107-1001.jpg</url>
         
         
         <imgModality>7</imgModality>
         
         
         <region type="panel">
            
            
            <globalImageFeatures>
               
               
               <CEDD>f2p0k750</CEDD>
               
               
               <ColorLayout>f1p0k36</ColorLayout>
               
               
               <EdgeHistogram>f0p0k184</EdgeHistogram>
               
               
               <FCTH>f4p0k28</FCTH>
               
               
               <SemanticContext60>f3p0k181</SemanticContext60>
            
            
            </globalImageFeatures>
         
         
         </region>
      
      
      </panel>
   
   
   </parentImage>
   <parentImage id="CXR1160_IM-0107-1002">
      
      
      <figureId>F2</figureId>
      
      
      <caption> CHEST 2V FRONTAL/LATERAL XXXX, XXXX XXXX PM </caption>
      
      
      <panel type="single">
         
         
         <url>/hadoop/storage/radiology/extract/CXR1160_IM-0107-1002.jpg</url>
         
         
         <imgModality>7</imgModality>
         
         
         <region type="panel">
            
            
            <globalImageFeatures>
               
               
               <CEDD>f2p0k377</CEDD>
               
               
               <ColorLayout>f1p0k7</ColorLayout>
               
               
               <EdgeHistogram>f0p0k893</EdgeHistogram>
               
               
               <FCTH>f4p0k1133</FCTH>
               
               
               <SemanticContext60>f3p0k228</SemanticContext60>
            
            
            </globalImageFeatures>
         
         
         </region>
      
      
      </panel>
   
   
   </parentImage>
</eCitation>