<?xml version="1.0" encoding="utf-8"?>
<eCitation>
   <meta type="rr"/>
   <uId id="CXR1181"/>
   <pmcId id="1181"/>
   <docSource>CXR</docSource>
   <IUXRId id="1181"/>
   <licenseType>open-access</licenseType>
   <licenseURL>http://creativecommons.org/licenses/by-nc-nd/4.0/</licenseURL>
   <ccLicense>byncnd</ccLicense>
   <articleURL/>
   <articleDate>2013-08-01</articleDate>
   <articleType>XR</articleType>
   <publisher>Indiana University</publisher>
   <title>Indiana University Chest X-ray Collection</title>
   <note>The data are drawn from multiple hospital systems.</note>
   <specialty>pulmonary diseases</specialty>
   <subset>CXR</subset>
   <MedlineCitation Owner="Indiana University" Status="supplied by publisher">
   
      <Article PubModel="Electronic">
      
         <Journal>
         
            <JournalIssue>
            
               <PubDate>
               
                  <Year>2013</Year>
               
                  <Month>08</Month>
               
                  <Day>01</Day>
            
               </PubDate>
         
            </JournalIssue>
      
         </Journal>
      
         <ArticleTitle>Indiana University Chest X-ray Collection</ArticleTitle>
      
         <Abstract>
         
            <AbstractText Label="COMPARISON">XXXX.</AbstractText>
         
            <AbstractText Label="INDICATION">Lung cancer.</AbstractText>
         
            <AbstractText Label="FINDINGS">The central venous line has been removed. An inflammatory defibrillator is noted. The heart is enlarged. The patient is status post XXXX sternotomy. Right pleural effusion is present and unchanged. No pneumothorax is seen. There has been clearing of the left base airspace disease. Some continued right lung opacities are present which may represent areas of scarring.</AbstractText>
         
            <AbstractText Label="IMPRESSION">1. Cardiomegaly without overt heart failure. 2. Small right pleural effusion. No change. 3. Clearing of left base airspace disease. 4. Improvement in right lung airspace disease.</AbstractText>
      
         </Abstract>
      
         <Affiliation>Indiana University</Affiliation>
      
         <AuthorList CompleteYN="Y">
         
            <Author ValidYN="Y">
            
               <LastName>Kohli</LastName>
            
               <ForeName>Marc</ForeName>
            
               <Initials>MD</Initials>
         
            </Author>
         
            <Author ValidYN="Y">
            
               <LastName>Rosenman</LastName>
            
               <ForeName>Marc</ForeName>
            
               <Initials>M</Initials>
         
            </Author>
      
         </AuthorList>
      
         <Language>eng</Language>
      
         <PublicationTypeList>
         
            <PublicationType>Radiology Report</PublicationType>
      
         </PublicationTypeList>
      
         <ArticleDate>
         
            <Year>2013</Year>
         
            <Month>08</Month>
         
            <Day>01</Day>
      
         </ArticleDate>
   
      </Article>
   
      <EssieArticleTitle>Indiana University Chest X-ray Collection</EssieArticleTitle>
   
      <IMedAuthor>Marc David Kohli MD</IMedAuthor>
   
      <IMedAuthor>Marc Rosenman M</IMedAuthor>

   </MedlineCitation>
   <MeSH>
   
      <major>Implanted Medical Device</major>
   
      <major>Cardiomegaly</major>
   
      <major>Pleural Effusion/right/small</major>
   
      <major>Opacity/lung/right</major>
   
      <major>Airspace Disease/lung/right</major>
   
      <automatic>opacity</automatic>
   
      <automatic>pleural effusions</automatic>
   
      <automatic>scarring</automatic>
   
      <automatic>sternotomy</automatic>
   
      <automatic>Cardiomegaly</automatic>
   
      <automatic>Lung Diseases</automatic>
   
      <automatic>Pleural Effusion</automatic>

   </MeSH>
</eCitation>