<?xml version="1.0" encoding="utf-8"?>
<eCitation>
   <meta type="rr"/>
   <uId id="CXR1189"/>
   <pmcId id="1189"/>
   <docSource>CXR</docSource>
   <IUXRId id="1189"/>
   <licenseType>open-access</licenseType>
   <licenseURL>http://creativecommons.org/licenses/by-nc-nd/4.0/</licenseURL>
   <ccLicense>byncnd</ccLicense>
   <articleURL/>
   <articleDate>2013-08-01</articleDate>
   <articleType>XR</articleType>
   <publisher>Indiana University</publisher>
   <title>Indiana University Chest X-ray Collection</title>
   <note>The data are drawn from multiple hospital systems.</note>
   <specialty>pulmonary diseases</specialty>
   <subset>CXR</subset>
   <MedlineCitation Owner="Indiana University" Status="supplied by publisher">
   
      <Article PubModel="Electronic">
      
         <Journal>
         
            <JournalIssue>
            
               <PubDate>
               
                  <Year>2013</Year>
               
                  <Month>08</Month>
               
                  <Day>01</Day>
            
               </PubDate>
         
            </JournalIssue>
      
         </Journal>
      
         <ArticleTitle>Indiana University Chest X-ray Collection</ArticleTitle>
      
         <Abstract>
         
            <AbstractText Label="COMPARISON">None.</AbstractText>
         
            <AbstractText Label="INDICATION">XXXX-year-old with chest pain.</AbstractText>
         
            <AbstractText Label="FINDINGS">Normal heart size and hilar vascular markings. Evidence of prior granulomatous disease. The lungs are clear without focal area of consolidation, pleural effusion, or pneumothorax. There are no acute osseous abnormalities present. Mild degenerative changes of the thoracic spine. The soft tissues are within normal limits.</AbstractText>
         
            <AbstractText Label="IMPRESSION">1. No acute radiographic cardiopulmonary process.</AbstractText>
      
         </Abstract>
      
         <Affiliation>Indiana University</Affiliation>
      
         <AuthorList CompleteYN="Y">
         
            <Author ValidYN="Y">
            
               <LastName>Kohli</LastName>
            
               <ForeName>Marc</ForeName>
            
               <Initials>MD</Initials>
         
            </Author>
         
            <Author ValidYN="Y">
            
               <LastName>Rosenman</LastName>
            
               <ForeName>Marc</ForeName>
            
               <Initials>M</Initials>
         
            </Author>
      
         </AuthorList>
      
         <Language>eng</Language>
      
         <PublicationTypeList>
         
            <PublicationType>Radiology Report</PublicationType>
      
         </PublicationTypeList>
      
         <ArticleDate>
         
            <Year>2013</Year>
         
            <Month>08</Month>
         
            <Day>01</Day>
      
         </ArticleDate>
   
      </Article>
   
      <EssieArticleTitle>Indiana University Chest X-ray Collection</EssieArticleTitle>
   
      <IMedAuthor>Marc David Kohli MD</IMedAuthor>
   
      <IMedAuthor>Marc Rosenman M</IMedAuthor>

   </MedlineCitation>
   <MeSH>
   
      <major>Granulomatous Disease</major>
   
      <major>Thoracic Vertebrae/degenerative/mild</major>
   
      <automatic>degenerative change</automatic>
   
      <automatic>granulomatous disease</automatic>

   </MeSH>
   <parentImage id="CXR1189_IM-0128-1001">
      
      
      <figureId>F1</figureId>
      
      
      <caption>PA and lateral chest x-XXXX XXXX at XXXX hours. </caption>
      
      
      <panel type="single">
         
         
         <url>/hadoop/storage/radiology/extract/CXR1189_IM-0128-1001.jpg</url>
         
         
         <imgModality>7</imgModality>
         
         
         <region type="panel">
            
            
            <globalImageFeatures>
               
               
               <CEDD>f2p0k1637</CEDD>
               
               
               <ColorLayout>f1p0k98</ColorLayout>
               
               
               <EdgeHistogram>f0p0k184</EdgeHistogram>
               
               
               <FCTH>f4p0k1972</FCTH>
               
               
               <SemanticContext60>f3p0k238</SemanticContext60>
            
            
            </globalImageFeatures>
         
         
         </region>
      
      
      </panel>
   
   
   </parentImage>
   <parentImage id="CXR1189_IM-0128-2001">
      
      
      <figureId>F2</figureId>
      
      
      <caption>PA and lateral chest x-XXXX XXXX at XXXX hours. </caption>
      
      
      <panel type="single">
         
         
         <url>/hadoop/storage/radiology/extract/CXR1189_IM-0128-2001.jpg</url>
         
         
         <imgModality>7</imgModality>
         
         
         <region type="panel">
            
            
            <globalImageFeatures>
               
               
               <CEDD>f2p0k633</CEDD>
               
               
               <ColorLayout>f1p0k83</ColorLayout>
               
               
               <EdgeHistogram>f0p0k666</EdgeHistogram>
               
               
               <FCTH>f4p0k2423</FCTH>
               
               
               <SemanticContext60>f3p0k366</SemanticContext60>
            
            
            </globalImageFeatures>
         
         
         </region>
      
      
      </panel>
   
   
   </parentImage>
</eCitation>