<?xml version="1.0" encoding="utf-8"?>
<eCitation>
   <meta type="rr"/>
   <uId id="CXR123"/>
   <pmcId id="123"/>
   <docSource>CXR</docSource>
   <IUXRId id="123"/>
   <licenseType>open-access</licenseType>
   <licenseURL>http://creativecommons.org/licenses/by-nc-nd/4.0/</licenseURL>
   <ccLicense>byncnd</ccLicense>
   <articleURL/>
   <articleDate>2013-08-01</articleDate>
   <articleType>XR</articleType>
   <publisher>Indiana University</publisher>
   <title>Indiana University Chest X-ray Collection</title>
   <note>The data are drawn from multiple hospital systems.</note>
   <specialty>pulmonary diseases</specialty>
   <subset>CXR</subset>
   <MedlineCitation Owner="Indiana University" Status="supplied by publisher">
   
      <Article PubModel="Electronic">
      
         <Journal>
         
            <JournalIssue>
            
               <PubDate>
               
                  <Year>2013</Year>
               
                  <Month>08</Month>
               
                  <Day>01</Day>
            
               </PubDate>
         
            </JournalIssue>
      
         </Journal>
      
         <ArticleTitle>Indiana University Chest X-ray Collection</ArticleTitle>
      
         <Abstract>
         
            <AbstractText Label="COMPARISON">None available.</AbstractText>
         
            <AbstractText Label="INDICATION">Frequent XXXX.</AbstractText>
         
            <AbstractText Label="FINDINGS">Mild cardiomegaly. Tortuous aorta. No focal infiltrate. No pneumothorax or large pleural effusion. Soft tissue density identified in the medial right apex which is asymmetric compared to left.</AbstractText>
         
            <AbstractText Label="IMPRESSION">Asymmetric right medial apical opacity which may be attributable to the sternoclavicular joint. Upper lobe airspace disease or pulmonary nodule is not entirely excluded. Recommend XXXX XXXX chest and apical lordotic view of the chest to further evaluate. Findings and recommendations were discussed XXXX. XXXX in the XXXX department at XXXX a.m. XXXX/XXXX.</AbstractText>
      
         </Abstract>
      
         <Affiliation>Indiana University</Affiliation>
      
         <AuthorList CompleteYN="Y">
         
            <Author ValidYN="Y">
            
               <LastName>Kohli</LastName>
            
               <ForeName>Marc</ForeName>
            
               <Initials>MD</Initials>
         
            </Author>
         
            <Author ValidYN="Y">
            
               <LastName>Rosenman</LastName>
            
               <ForeName>Marc</ForeName>
            
               <Initials>M</Initials>
         
            </Author>
      
         </AuthorList>
      
         <Language>eng</Language>
      
         <PublicationTypeList>
         
            <PublicationType>Radiology Report</PublicationType>
      
         </PublicationTypeList>
      
         <ArticleDate>
         
            <Year>2013</Year>
         
            <Month>08</Month>
         
            <Day>01</Day>
      
         </ArticleDate>
   
      </Article>
   
      <EssieArticleTitle>Indiana University Chest X-ray Collection</EssieArticleTitle>
   
      <IMedAuthor>Marc David Kohli MD</IMedAuthor>
   
      <IMedAuthor>Marc Rosenman M</IMedAuthor>

   </MedlineCitation>
   <MeSH>
   
      <major>Cardiomegaly/mild</major>
   
      <major>Aorta/tortuous</major>
   
      <major>Density/lung/apex/right</major>
   
      <major>Opacity/lung/apex/right</major>
   
      <automatic>nodule</automatic>
   
      <automatic>opacity</automatic>
   
      <automatic>tortuous aorta</automatic>

   </MeSH>
   <parentImage id="CXR123_IM-0153-1001">
      
      
      <figureId>F1</figureId>
      
      
      <caption>Xray Chest PA and Lateral </caption>
      
      
      <panel type="single">
         
         
         <url>/hadoop/storage/radiology/extract/CXR123_IM-0153-1001.jpg</url>
         
         
         <imgModality>7</imgModality>
         
         
         <region type="panel">
            
            
            <globalImageFeatures>
               
               
               <CEDD>f2p0k377</CEDD>
               
               
               <ColorLayout>f1p0k147</ColorLayout>
               
               
               <EdgeHistogram>f0p0k813</EdgeHistogram>
               
               
               <FCTH>f4p0k1155</FCTH>
               
               
               <SemanticContext60>f3p0k76</SemanticContext60>
            
            
            </globalImageFeatures>
         
         
         </region>
      
      
      </panel>
   
   
   </parentImage>
   <parentImage id="CXR123_IM-0153-4004">
      
      
      <figureId>F2</figureId>
      
      
      <caption>Xray Chest PA and Lateral </caption>
      
      
      <panel type="single">
         
         
         <url>/hadoop/storage/radiology/extract/CXR123_IM-0153-4004.jpg</url>
         
         
         <imgModality>7</imgModality>
         
         
         <region type="panel">
            
            
            <globalImageFeatures>
               
               
               <CEDD>f2p0k710</CEDD>
               
               
               <ColorLayout>f1p0k36</ColorLayout>
               
               
               <EdgeHistogram>f0p0k184</EdgeHistogram>
               
               
               <FCTH>f4p0k290</FCTH>
               
               
               <SemanticContext60>f3p0k181</SemanticContext60>
            
            
            </globalImageFeatures>
         
         
         </region>
      
      
      </panel>
   
   
   </parentImage>
</eCitation>