<?xml version="1.0" encoding="utf-8"?>
<eCitation>
   <meta type="rr"/>
   <uId id="CXR1230"/>
   <pmcId id="1230"/>
   <docSource>CXR</docSource>
   <IUXRId id="1230"/>
   <licenseType>open-access</licenseType>
   <licenseURL>http://creativecommons.org/licenses/by-nc-nd/4.0/</licenseURL>
   <ccLicense>byncnd</ccLicense>
   <articleURL/>
   <articleDate>2013-08-01</articleDate>
   <articleType>XR</articleType>
   <publisher>Indiana University</publisher>
   <title>Indiana University Chest X-ray Collection</title>
   <note>The data are drawn from multiple hospital systems.</note>
   <specialty>pulmonary diseases</specialty>
   <subset>CXR</subset>
   <MedlineCitation Owner="Indiana University" Status="supplied by publisher">
   
      <Article PubModel="Electronic">
      
         <Journal>
         
            <JournalIssue>
            
               <PubDate>
               
                  <Year>2013</Year>
               
                  <Month>08</Month>
               
                  <Day>01</Day>
            
               </PubDate>
         
            </JournalIssue>
      
         </Journal>
      
         <ArticleTitle>Indiana University Chest X-ray Collection</ArticleTitle>
      
         <Abstract>
         
            <AbstractText Label="COMPARISON"/>
         
            <AbstractText Label="INDICATION">followup consolidation mass. Brain metastasis versus abscess.</AbstractText>
         
            <AbstractText Label="FINDINGS"/>
         
            <AbstractText Label="IMPRESSION">Left lung clear. Slight cardiomegaly. Right effusion. Right lower lobe infiltrate. Two air-fluid levels in the right hemithorax most XXXX representing hydropneumothorax. This radiographic finding could also represent empyema with a bronchopleural fistula. CT scan with IV contrast may be helpful.</AbstractText>
      
         </Abstract>
      
         <Affiliation>Indiana University</Affiliation>
      
         <AuthorList CompleteYN="Y">
         
            <Author ValidYN="Y">
            
               <LastName>Kohli</LastName>
            
               <ForeName>Marc</ForeName>
            
               <Initials>MD</Initials>
         
            </Author>
         
            <Author ValidYN="Y">
            
               <LastName>Rosenman</LastName>
            
               <ForeName>Marc</ForeName>
            
               <Initials>M</Initials>
         
            </Author>
      
         </AuthorList>
      
         <Language>eng</Language>
      
         <PublicationTypeList>
         
            <PublicationType>Radiology Report</PublicationType>
      
         </PublicationTypeList>
      
         <ArticleDate>
         
            <Year>2013</Year>
         
            <Month>08</Month>
         
            <Day>01</Day>
      
         </ArticleDate>
   
      </Article>
   
      <EssieArticleTitle>Indiana University Chest X-ray Collection</EssieArticleTitle>
   
      <IMedAuthor>Marc David Kohli MD</IMedAuthor>
   
      <IMedAuthor>Marc Rosenman M</IMedAuthor>

   </MedlineCitation>
   <MeSH>
   
      <major>Cardiomegaly/mild</major>
   
      <major>Pleural Effusion/right</major>
   
      <major>Infiltrate/lung/lower lobe/right</major>
   
      <major>Hydropneumothorax/right</major>
   
      <automatic>bronchopleural fistula</automatic>
   
      <automatic>effusion</automatic>
   
      <automatic>empyema</automatic>
   
      <automatic>infiltrates</automatic>
   
      <automatic>Bronchial Fistula</automatic>
   
      <automatic>Cardiomegaly</automatic>
   
      <automatic>Empyema</automatic>
   
      <automatic>Hydropneumothorax</automatic>
   
      <automatic>Pleural Diseases</automatic>

   </MeSH>
   <parentImage id="CXR1230_IM-0154-0001">
      
      
      <figureId>F1</figureId>
      
      
      <caption>PA and lateral chest 3 images</caption>
      
      
      <panel type="single">
         
         
         <url>/hadoop/storage/radiology/extract/CXR1230_IM-0154-0001.jpg</url>
         
         
         <imgModality>7</imgModality>
         
         
         <region type="panel">
            
            
            <globalImageFeatures>
               
               
               <CEDD>f2p0k754</CEDD>
               
               
               <ColorLayout>f1p0k147</ColorLayout>
               
               
               <EdgeHistogram>f0p0k1115</EdgeHistogram>
               
               
               <FCTH>f4p0k1271</FCTH>
               
               
               <SemanticContext60>f3p0k277</SemanticContext60>
            
            
            </globalImageFeatures>
         
         
         </region>
      
      
      </panel>
   
   
   </parentImage>
   <parentImage id="CXR1230_IM-0154-1001">
      
      
      <figureId>F2</figureId>
      
      
      <caption>PA and lateral chest 3 images</caption>
      
      
      <panel type="single">
         
         
         <url>/hadoop/storage/radiology/extract/CXR1230_IM-0154-1001.jpg</url>
         
         
         <imgModality>7</imgModality>
         
         
         <region type="panel">
            
            
            <globalImageFeatures>
               
               
               <CEDD>f2p0k1205</CEDD>
               
               
               <ColorLayout>f1p0k137</ColorLayout>
               
               
               <EdgeHistogram>f0p0k338</EdgeHistogram>
               
               
               <FCTH>f4p0k797</FCTH>
               
               
               <SemanticContext60>f3p0k18</SemanticContext60>
            
            
            </globalImageFeatures>
         
         
         </region>
      
      
      </panel>
   
   
   </parentImage>
   <parentImage id="CXR1230_IM-0154-2001">
      
      
      <figureId>F3</figureId>
      
      
      <caption>PA and lateral chest 3 images</caption>
      
      
      <panel type="single">
         
         
         <url>/hadoop/storage/radiology/extract/CXR1230_IM-0154-2001.jpg</url>
         
         
         <imgModality>7</imgModality>
         
         
         <region type="panel">
            
            
            <globalImageFeatures>
               
               
               <CEDD>f2p0k1637</CEDD>
               
               
               <ColorLayout>f1p0k137</ColorLayout>
               
               
               <EdgeHistogram>f0p0k338</EdgeHistogram>
               
               
               <FCTH>f4p0k257</FCTH>
               
               
               <SemanticContext60>f3p0k18</SemanticContext60>
            
            
            </globalImageFeatures>
         
         
         </region>
      
      
      </panel>
   
   
   </parentImage>
</eCitation>