<?xml version="1.0" encoding="utf-8"?>
<eCitation>
   <meta type="rr"/>
   <uId id="CXR1240"/>
   <pmcId id="1240"/>
   <docSource>CXR</docSource>
   <IUXRId id="1240"/>
   <licenseType>open-access</licenseType>
   <licenseURL>http://creativecommons.org/licenses/by-nc-nd/4.0/</licenseURL>
   <ccLicense>byncnd</ccLicense>
   <articleURL/>
   <articleDate>2013-08-01</articleDate>
   <articleType>XR</articleType>
   <publisher>Indiana University</publisher>
   <title>Indiana University Chest X-ray Collection</title>
   <note>The data are drawn from multiple hospital systems.</note>
   <specialty>pulmonary diseases</specialty>
   <subset>CXR</subset>
   <MedlineCitation Owner="Indiana University" Status="supplied by publisher">
   
      <Article PubModel="Electronic">
      
         <Journal>
         
            <JournalIssue>
            
               <PubDate>
               
                  <Year>2013</Year>
               
                  <Month>08</Month>
               
                  <Day>01</Day>
            
               </PubDate>
         
            </JournalIssue>
      
         </Journal>
      
         <ArticleTitle>Indiana University Chest X-ray Collection</ArticleTitle>
      
         <Abstract>
         
            <AbstractText Label="COMPARISON"/>
         
            <AbstractText Label="INDICATION">Pneumonia</AbstractText>
         
            <AbstractText Label="FINDINGS">Feeding tube passes below the left hemidiaphragm. Left subclavian central line tip is at the upper SVC. Shunt tubing courses along the anterior left hemithorax. There is grossly stable left lower lobe consolidation. Stable mild residual medial right basilar airspace disease. There is no pneumothorax. Heart size is within normal limits. There is aortic atherosclerotic vascular calcification. There are diffuse degenerative changes of the spine.</AbstractText>
         
            <AbstractText Label="IMPRESSION">1. Stable left lung consolidation, possibly infectious pneumonia and/or aspiration. Recommend followup radiographs after treatment to ensure complete resolution. 2. Stable mild residual medial right basilar airspace disease.</AbstractText>
      
         </Abstract>
      
         <Affiliation>Indiana University</Affiliation>
      
         <AuthorList CompleteYN="Y">
         
            <Author ValidYN="Y">
            
               <LastName>Kohli</LastName>
            
               <ForeName>Marc</ForeName>
            
               <Initials>MD</Initials>
         
            </Author>
         
            <Author ValidYN="Y">
            
               <LastName>Rosenman</LastName>
            
               <ForeName>Marc</ForeName>
            
               <Initials>M</Initials>
         
            </Author>
      
         </AuthorList>
      
         <Language>eng</Language>
      
         <PublicationTypeList>
         
            <PublicationType>Radiology Report</PublicationType>
      
         </PublicationTypeList>
      
         <ArticleDate>
         
            <Year>2013</Year>
         
            <Month>08</Month>
         
            <Day>01</Day>
      
         </ArticleDate>
   
      </Article>
   
      <EssieArticleTitle>Indiana University Chest X-ray Collection</EssieArticleTitle>
   
      <IMedAuthor>Marc David Kohli MD</IMedAuthor>
   
      <IMedAuthor>Marc Rosenman M</IMedAuthor>

   </MedlineCitation>
   <MeSH>
   
      <major>Tube, Inserted/left</major>
   
      <major>Catheters, Indwelling/left</major>
   
      <major>Consolidation/lung/lower lobe/left</major>
   
      <major>Airspace Disease/lung/base/right/mild</major>
   
      <major>Atherosclerosis/aorta</major>
   
      <major>Spine/degenerative/diffuse</major>
   
      <automatic>aspiration</automatic>
   
      <automatic>degenerative change</automatic>
   
      <automatic>pneumonia</automatic>
   
      <automatic>vascular calcification</automatic>
   
      <automatic>Lung Diseases</automatic>
   
      <automatic>Pneumonia</automatic>
   
      <automatic>Respiratory Tract Diseases</automatic>
   
      <automatic>Respiratory Tract Infections</automatic>
   
      <automatic>Spine</automatic>

   </MeSH>
   <parentImage id="CXR1240_IM-0162-2001">
      
      
      <figureId>F1</figureId>
      
      
      <caption>Xray Chest PA and Lateral</caption>
      
      
      <panel type="single">
         
         
         <url>/hadoop/storage/radiology/extract/CXR1240_IM-0162-2001.jpg</url>
         
         
         <imgModality>7</imgModality>
         
         
         <region type="panel">
            
            
            <globalImageFeatures>
               
               
               <CEDD>f2p0k377</CEDD>
               
               
               <ColorLayout>f1p0k36</ColorLayout>
               
               
               <EdgeHistogram>f0p0k518</EdgeHistogram>
               
               
               <FCTH>f4p0k2423</FCTH>
               
               
               <SemanticContext60>f3p0k230</SemanticContext60>
            
            
            </globalImageFeatures>
         
         
         </region>
      
      
      </panel>
   
   
   </parentImage>
   <parentImage id="CXR1240_IM-0162-4001">
      
      
      <figureId>F2</figureId>
      
      
      <caption>Xray Chest PA and Lateral</caption>
      
      
      <panel type="single">
         
         
         <url>/hadoop/storage/radiology/extract/CXR1240_IM-0162-4001.jpg</url>
         
         
         <imgModality>7</imgModality>
         
         
         <region type="panel">
            
            
            <globalImageFeatures>
               
               
               <CEDD>f2p0k1205</CEDD>
               
               
               <ColorLayout>f1p0k137</ColorLayout>
               
               
               <EdgeHistogram>f0p0k338</EdgeHistogram>
               
               
               <FCTH>f4p0k2450</FCTH>
               
               
               <SemanticContext60>f3p0k18</SemanticContext60>
            
            
            </globalImageFeatures>
         
         
         </region>
      
      
      </panel>
   
   
   </parentImage>
</eCitation>