<?xml version="1.0" encoding="utf-8"?>
<eCitation>
   <meta type="rr"/>
   <uId id="CXR1243"/>
   <pmcId id="1243"/>
   <docSource>CXR</docSource>
   <IUXRId id="1243"/>
   <licenseType>open-access</licenseType>
   <licenseURL>http://creativecommons.org/licenses/by-nc-nd/4.0/</licenseURL>
   <ccLicense>byncnd</ccLicense>
   <articleURL/>
   <articleDate>2013-08-01</articleDate>
   <articleType>XR</articleType>
   <publisher>Indiana University</publisher>
   <title>Indiana University Chest X-ray Collection</title>
   <note>The data are drawn from multiple hospital systems.</note>
   <specialty>pulmonary diseases</specialty>
   <subset>CXR</subset>
   <MedlineCitation Owner="Indiana University" Status="supplied by publisher">
   
      <Article PubModel="Electronic">
      
         <Journal>
         
            <JournalIssue>
            
               <PubDate>
               
                  <Year>2013</Year>
               
                  <Month>08</Month>
               
                  <Day>01</Day>
            
               </PubDate>
         
            </JournalIssue>
      
         </Journal>
      
         <ArticleTitle>Indiana University Chest X-ray Collection</ArticleTitle>
      
         <Abstract>
         
            <AbstractText Label="COMPARISON">XXXX</AbstractText>
         
            <AbstractText Label="INDICATION"/>
         
            <AbstractText Label="FINDINGS">Cardiac silhouette is enlarged but unchanged. There is left-sided XXXX central line with a XXXX lumen. Poly vasculature is within normal limits. Mediastinum is normal. Bibasilar opacity, left greater than right is appreciated. No pneumothorax.</AbstractText>
         
            <AbstractText Label="IMPRESSION">1. Left pleural effusion with adjacent atelectasis. XXXX right effusion is also present. 2. Cardiomegaly without overt edema.</AbstractText>
      
         </Abstract>
      
         <Affiliation>Indiana University</Affiliation>
      
         <AuthorList CompleteYN="Y">
         
            <Author ValidYN="Y">
            
               <LastName>Kohli</LastName>
            
               <ForeName>Marc</ForeName>
            
               <Initials>MD</Initials>
         
            </Author>
         
            <Author ValidYN="Y">
            
               <LastName>Rosenman</LastName>
            
               <ForeName>Marc</ForeName>
            
               <Initials>M</Initials>
         
            </Author>
      
         </AuthorList>
      
         <Language>eng</Language>
      
         <PublicationTypeList>
         
            <PublicationType>Radiology Report</PublicationType>
      
         </PublicationTypeList>
      
         <ArticleDate>
         
            <Year>2013</Year>
         
            <Month>08</Month>
         
            <Day>01</Day>
      
         </ArticleDate>
   
      </Article>
   
      <EssieArticleTitle>Indiana University Chest X-ray Collection</EssieArticleTitle>
   
      <IMedAuthor>Marc David Kohli MD</IMedAuthor>
   
      <IMedAuthor>Marc Rosenman M</IMedAuthor>

   </MedlineCitation>
   <MeSH>
   
      <major>Cardiac Shadow/enlarged</major>
   
      <major>Catheters, Indwelling/left</major>
   
      <major>Opacity/lung/base/bilateral</major>
   
      <major>Pleural Effusion/bilateral</major>
   
      <major>Pulmonary Atelectasis/left</major>
   
      <major>Cardiomegaly</major>
   
      <automatic>atelectases</automatic>
   
      <automatic>opacity</automatic>
   
      <automatic>pleural effusions</automatic>
   
      <automatic>Atelectasis</automatic>
   
      <automatic>Cardiomegaly</automatic>
   
      <automatic>Pleural Effusion</automatic>

   </MeSH>
   <parentImage id="CXR1243_IM-0165-1001">
      
      
      <figureId>F1</figureId>
      
      
      <caption> Chest radiograph, frontal and lateral views</caption>
      
      
      <panel type="single">
         
         
         <url>/hadoop/storage/radiology/extract/CXR1243_IM-0165-1001.jpg</url>
         
         
         <imgModality>7</imgModality>
         
         
         <region type="panel">
            
            
            <globalImageFeatures>
               
               
               <CEDD>f2p0k754</CEDD>
               
               
               <ColorLayout>f1p0k122</ColorLayout>
               
               
               <EdgeHistogram>f0p0k813</EdgeHistogram>
               
               
               <FCTH>f4p0k1155</FCTH>
               
               
               <SemanticContext60>f3p0k277</SemanticContext60>
            
            
            </globalImageFeatures>
         
         
         </region>
      
      
      </panel>
   
   
   </parentImage>
   <parentImage id="CXR1243_IM-0165-2001">
      
      
      <figureId>F2</figureId>
      
      
      <caption> Chest radiograph, frontal and lateral views</caption>
      
      
      <panel type="single">
         
         
         <url>/hadoop/storage/radiology/extract/CXR1243_IM-0165-2001.jpg</url>
         
         
         <imgModality>7</imgModality>
         
         
         <region type="panel">
            
            
            <globalImageFeatures>
               
               
               <CEDD>f2p0k205</CEDD>
               
               
               <ColorLayout>f1p0k129</ColorLayout>
               
               
               <EdgeHistogram>f0p0k666</EdgeHistogram>
               
               
               <FCTH>f4p0k1133</FCTH>
               
               
               <SemanticContext60>f3p0k151</SemanticContext60>
            
            
            </globalImageFeatures>
         
         
         </region>
      
      
      </panel>
   
   
   </parentImage>
   <parentImage id="CXR1243_IM-0165-4004">
      
      
      <figureId>F3</figureId>
      
      
      <caption> Chest radiograph, frontal and lateral views</caption>
      
      
      <panel type="single">
         
         
         <url>/hadoop/storage/radiology/extract/CXR1243_IM-0165-4004.jpg</url>
         
         
         <imgModality>7</imgModality>
         
         
         <region type="panel">
            
            
            <globalImageFeatures>
               
               
               <CEDD>f2p0k710</CEDD>
               
               
               <ColorLayout>f1p0k137</ColorLayout>
               
               
               <EdgeHistogram>f0p0k1179</EdgeHistogram>
               
               
               <FCTH>f4p0k369</FCTH>
               
               
               <SemanticContext60>f3p0k74</SemanticContext60>
            
            
            </globalImageFeatures>
         
         
         </region>
      
      
      </panel>
   
   
   </parentImage>
</eCitation>