<?xml version="1.0" encoding="utf-8"?>
<eCitation>
   <meta type="rr"/>
   <uId id="CXR1249"/>
   <pmcId id="1249"/>
   <docSource>CXR</docSource>
   <IUXRId id="1249"/>
   <licenseType>open-access</licenseType>
   <licenseURL>http://creativecommons.org/licenses/by-nc-nd/4.0/</licenseURL>
   <ccLicense>byncnd</ccLicense>
   <articleURL/>
   <articleDate>2013-08-01</articleDate>
   <articleType>XR</articleType>
   <publisher>Indiana University</publisher>
   <title>Indiana University Chest X-ray Collection</title>
   <note>The data are drawn from multiple hospital systems.</note>
   <specialty>pulmonary diseases</specialty>
   <subset>CXR</subset>
   <MedlineCitation Owner="Indiana University" Status="supplied by publisher">
   
      <Article PubModel="Electronic">
      
         <Journal>
         
            <JournalIssue>
            
               <PubDate>
               
                  <Year>2013</Year>
               
                  <Month>08</Month>
               
                  <Day>01</Day>
            
               </PubDate>
         
            </JournalIssue>
      
         </Journal>
      
         <ArticleTitle>Indiana University Chest X-ray Collection</ArticleTitle>
      
         <Abstract>
         
            <AbstractText Label="COMPARISON">None Available.</AbstractText>
         
            <AbstractText Label="INDICATION">XXXX-year-old female with dyspnea.</AbstractText>
         
            <AbstractText Label="FINDINGS">The lungs are clear without evidence of focal airspace disease. There are calcified granulomas in the left lower lobe. There is no evidence of pneumothorax or large pleural effusion. The cardiac and mediastinal contours are within normal limits. The XXXX are unremarkable.</AbstractText>
         
            <AbstractText Label="IMPRESSION">No radiographic evidence of acute cardiopulmonary disease.</AbstractText>
      
         </Abstract>
      
         <Affiliation>Indiana University</Affiliation>
      
         <AuthorList CompleteYN="Y">
         
            <Author ValidYN="Y">
            
               <LastName>Kohli</LastName>
            
               <ForeName>Marc</ForeName>
            
               <Initials>MD</Initials>
         
            </Author>
         
            <Author ValidYN="Y">
            
               <LastName>Rosenman</LastName>
            
               <ForeName>Marc</ForeName>
            
               <Initials>M</Initials>
         
            </Author>
      
         </AuthorList>
      
         <Language>eng</Language>
      
         <PublicationTypeList>
         
            <PublicationType>Radiology Report</PublicationType>
      
         </PublicationTypeList>
      
         <ArticleDate>
         
            <Year>2013</Year>
         
            <Month>08</Month>
         
            <Day>01</Day>
      
         </ArticleDate>
   
      </Article>
   
      <EssieArticleTitle>Indiana University Chest X-ray Collection</EssieArticleTitle>
   
      <IMedAuthor>Marc David Kohli MD</IMedAuthor>
   
      <IMedAuthor>Marc Rosenman M</IMedAuthor>

   </MedlineCitation>
   <MeSH>
   
      <major>Calcified Granuloma/lung/lower lobe/left/multiple</major>
   
      <automatic>calcified granuloma</automatic>

   </MeSH>
   <parentImage id="CXR1249_IM-0169-1001">
      
      
      <figureId>F1</figureId>
      
      
      <caption>Chest 2 views dated XXXX at XXXX hours. </caption>
      
      
      <panel type="single">
         
         
         <url>/hadoop/storage/radiology/extract/CXR1249_IM-0169-1001.jpg</url>
         
         
         <imgModality>7</imgModality>
         
         
         <region type="panel">
            
            
            <globalImageFeatures>
               
               
               <CEDD>f2p0k1637</CEDD>
               
               
               <ColorLayout>f1p0k98</ColorLayout>
               
               
               <EdgeHistogram>f0p0k184</EdgeHistogram>
               
               
               <FCTH>f4p0k1731</FCTH>
               
               
               <SemanticContext60>f3p0k238</SemanticContext60>
            
            
            </globalImageFeatures>
         
         
         </region>
      
      
      </panel>
   
   
   </parentImage>
   <parentImage id="CXR1249_IM-0169-2001">
      
      
      <figureId>F2</figureId>
      
      
      <caption>Chest 2 views dated XXXX at XXXX hours. </caption>
      
      
      <panel type="single">
         
         
         <url>/hadoop/storage/radiology/extract/CXR1249_IM-0169-2001.jpg</url>
         
         
         <imgModality>7</imgModality>
         
         
         <region type="panel">
            
            
            <globalImageFeatures>
               
               
               <CEDD>f2p0k220</CEDD>
               
               
               <ColorLayout>f1p0k83</ColorLayout>
               
               
               <EdgeHistogram>f0p0k518</EdgeHistogram>
               
               
               <FCTH>f4p0k2423</FCTH>
               
               
               <SemanticContext60>f3p0k74</SemanticContext60>
            
            
            </globalImageFeatures>
         
         
         </region>
      
      
      </panel>
   
   
   </parentImage>
</eCitation>