<?xml version="1.0" encoding="utf-8"?>
<eCitation>
   <meta type="rr"/>
   <uId id="CXR1255"/>
   <pmcId id="1255"/>
   <docSource>CXR</docSource>
   <IUXRId id="1255"/>
   <licenseType>open-access</licenseType>
   <licenseURL>http://creativecommons.org/licenses/by-nc-nd/4.0/</licenseURL>
   <ccLicense>byncnd</ccLicense>
   <articleURL/>
   <articleDate>2013-08-01</articleDate>
   <articleType>XR</articleType>
   <publisher>Indiana University</publisher>
   <title>Indiana University Chest X-ray Collection</title>
   <note>The data are drawn from multiple hospital systems.</note>
   <specialty>pulmonary diseases</specialty>
   <subset>CXR</subset>
   <MedlineCitation Owner="Indiana University" Status="supplied by publisher">
   
      <Article PubModel="Electronic">
      
         <Journal>
         
            <JournalIssue>
            
               <PubDate>
               
                  <Year>2013</Year>
               
                  <Month>08</Month>
               
                  <Day>01</Day>
            
               </PubDate>
         
            </JournalIssue>
      
         </Journal>
      
         <ArticleTitle>Indiana University Chest X-ray Collection</ArticleTitle>
      
         <Abstract>
         
            <AbstractText Label="COMPARISON">Portable chest radiograph XXXX</AbstractText>
         
            <AbstractText Label="INDICATION">Followup chest tube. Evaluate for pneumothorax.</AbstractText>
         
            <AbstractText Label="FINDINGS">XXXX XXXX right-sided chest tube tip now projects outside the thoracic cavity. No definite residual pneumothorax. Stable cardiomediastinal silhouette. There are low lung volumes. No large pleural effusion. No focal airspace consolidation. Small amount of subdiaphragmatic free air.</AbstractText>
         
            <AbstractText Label="IMPRESSION">1. XXXX XXXX right-sided chest tube tip projects outside the thoracic cavity. No residual pneumothorax. 2. Small residual pneumoperitoneum consistent with known colonic perforation. .</AbstractText>
      
         </Abstract>
      
         <Affiliation>Indiana University</Affiliation>
      
         <AuthorList CompleteYN="Y">
         
            <Author ValidYN="Y">
            
               <LastName>Kohli</LastName>
            
               <ForeName>Marc</ForeName>
            
               <Initials>MD</Initials>
         
            </Author>
         
            <Author ValidYN="Y">
            
               <LastName>Rosenman</LastName>
            
               <ForeName>Marc</ForeName>
            
               <Initials>M</Initials>
         
            </Author>
      
         </AuthorList>
      
         <Language>eng</Language>
      
         <PublicationTypeList>
         
            <PublicationType>Radiology Report</PublicationType>
      
         </PublicationTypeList>
      
         <ArticleDate>
         
            <Year>2013</Year>
         
            <Month>08</Month>
         
            <Day>01</Day>
      
         </ArticleDate>
   
      </Article>
   
      <EssieArticleTitle>Indiana University Chest X-ray Collection</EssieArticleTitle>
   
      <IMedAuthor>Marc David Kohli MD</IMedAuthor>
   
      <IMedAuthor>Marc Rosenman M</IMedAuthor>

   </MedlineCitation>
   <MeSH>
   
      <major>Tube, Inserted/thorax/right</major>
   
      <major>Lung/hypoinflation</major>
   
      <major>Pneumoperitoneum/small</major>
   
      <automatic>colonic perforation</automatic>
   
      <automatic>pneumoperitoneum</automatic>
   
      <automatic>pneumoperitoneum</automatic>
   
      <automatic>Chest Tubes</automatic>
   
      <automatic>Intestinal Perforation</automatic>
   
      <automatic>Pneumoperitoneum</automatic>

   </MeSH>
   <parentImage id="CXR1255_IM-0172-1001-0001">
      
      
      <figureId>F1</figureId>
      
      
      <caption>Xray Chest PA and Lateral</caption>
      
      
      <panel type="single">
         
         
         <url>/hadoop/storage/radiology/extract/CXR1255_IM-0172-1001-0001.jpg</url>
         
         
         <imgModality>7</imgModality>
         
         
         <region type="panel">
            
            
            <globalImageFeatures>
               
               
               <CEDD>f2p0k877</CEDD>
               
               
               <ColorLayout>f1p0k137</ColorLayout>
               
               
               <EdgeHistogram>f0p0k75</EdgeHistogram>
               
               
               <FCTH>f4p0k2450</FCTH>
               
               
               <SemanticContext60>f3p0k138</SemanticContext60>
            
            
            </globalImageFeatures>
         
         
         </region>
      
      
      </panel>
   
   
   </parentImage>
   <parentImage id="CXR1255_IM-0172-1001-0002">
      
      
      <figureId>F2</figureId>
      
      
      <caption>Xray Chest PA and Lateral</caption>
      
      
      <panel type="single">
         
         
         <url>/hadoop/storage/radiology/extract/CXR1255_IM-0172-1001-0002.jpg</url>
         
         
         <imgModality>7</imgModality>
         
         
         <region type="panel">
            
            
            <globalImageFeatures>
               
               
               <CEDD>f2p0k750</CEDD>
               
               
               <ColorLayout>f1p0k36</ColorLayout>
               
               
               <EdgeHistogram>f0p0k1179</EdgeHistogram>
               
               
               <FCTH>f4p0k1133</FCTH>
               
               
               <SemanticContext60>f3p0k277</SemanticContext60>
            
            
            </globalImageFeatures>
         
         
         </region>
      
      
      </panel>
   
   
   </parentImage>
</eCitation>