<?xml version="1.0" encoding="utf-8"?>
<eCitation>
   <meta type="rr"/>
   <uId id="CXR1290"/>
   <pmcId id="1290"/>
   <docSource>CXR</docSource>
   <IUXRId id="1290"/>
   <licenseType>open-access</licenseType>
   <licenseURL>http://creativecommons.org/licenses/by-nc-nd/4.0/</licenseURL>
   <ccLicense>byncnd</ccLicense>
   <articleURL/>
   <articleDate>2013-08-01</articleDate>
   <articleType>XR</articleType>
   <publisher>Indiana University</publisher>
   <title>Indiana University Chest X-ray Collection</title>
   <note>The data are drawn from multiple hospital systems.</note>
   <specialty>pulmonary diseases</specialty>
   <subset>CXR</subset>
   <MedlineCitation Owner="Indiana University" Status="supplied by publisher">
   
      <Article PubModel="Electronic">
      
         <Journal>
         
            <JournalIssue>
            
               <PubDate>
               
                  <Year>2013</Year>
               
                  <Month>08</Month>
               
                  <Day>01</Day>
            
               </PubDate>
         
            </JournalIssue>
      
         </Journal>
      
         <ArticleTitle>Indiana University Chest X-ray Collection</ArticleTitle>
      
         <Abstract>
         
            <AbstractText Label="COMPARISON">None</AbstractText>
         
            <AbstractText Label="INDICATION"/>
         
            <AbstractText Label="FINDINGS">There is a 22 x 14 mm calcified nodule in the left lower lobe. A moderate hiatal hernia is present. Cardiomediastinal silhouette is normal. Pulmonary vasculature and XXXX are normal. No consolidation, pneumothorax or large pleural effusion. Osseous structures and soft tissues are normal.</AbstractText>
         
            <AbstractText Label="IMPRESSION">1. No acute cardiopulmonary disease. 2. Calcified left paraesophageal versus intrapulmonary lymph node. 3. Moderate hiatus hernia.</AbstractText>
      
         </Abstract>
      
         <Affiliation>Indiana University</Affiliation>
      
         <AuthorList CompleteYN="Y">
         
            <Author ValidYN="Y">
            
               <LastName>Kohli</LastName>
            
               <ForeName>Marc</ForeName>
            
               <Initials>MD</Initials>
         
            </Author>
         
            <Author ValidYN="Y">
            
               <LastName>Rosenman</LastName>
            
               <ForeName>Marc</ForeName>
            
               <Initials>M</Initials>
         
            </Author>
      
         </AuthorList>
      
         <Language>eng</Language>
      
         <PublicationTypeList>
         
            <PublicationType>Radiology Report</PublicationType>
      
         </PublicationTypeList>
      
         <ArticleDate>
         
            <Year>2013</Year>
         
            <Month>08</Month>
         
            <Day>01</Day>
      
         </ArticleDate>
   
      </Article>
   
      <EssieArticleTitle>Indiana University Chest X-ray Collection</EssieArticleTitle>
   
      <IMedAuthor>Marc David Kohli MD</IMedAuthor>
   
      <IMedAuthor>Marc Rosenman M</IMedAuthor>

   </MedlineCitation>
   <MeSH>
   
      <major>Calcified Granuloma/lung/lower lobe/left</major>
   
      <major>Calcinosis/lung/lower lobe/left</major>
   
      <major>Nodule/lung/lower lobe/left</major>
   
      <major>Hernia, Hiatal/moderate</major>
   
      <major>Calcinosis/mediastinum/lymph nodes/left</major>
   
      <automatic>hiatus hernia</automatic>
   
      <automatic>nodule</automatic>
   
      <automatic>Hernia, Hiatus</automatic>
   
      <automatic>Lymph</automatic>
   
      <automatic>Lymph Nodes</automatic>

   </MeSH>
   <parentImage id="CXR1290_IM-0189-1001">
      
      
      <figureId>F1</figureId>
      
      
      <caption> Chest radiograph, frontal and lateral views</caption>
      
      
      <panel type="single">
         
         
         <url>/hadoop/storage/radiology/extract/CXR1290_IM-0189-1001.jpg</url>
         
         
         <imgModality>7</imgModality>
         
         
         <region type="panel">
            
            
            <globalImageFeatures>
               
               
               <CEDD>f2p0k1598</CEDD>
               
               
               <ColorLayout>f1p0k83</ColorLayout>
               
               
               <EdgeHistogram>f0p0k184</EdgeHistogram>
               
               
               <FCTH>f4p0k2423</FCTH>
               
               
               <SemanticContext60>f3p0k74</SemanticContext60>
            
            
            </globalImageFeatures>
         
         
         </region>
      
      
      </panel>
   
   
   </parentImage>
</eCitation>