<?xml version="1.0" encoding="utf-8"?>
<eCitation>
   <meta type="rr"/>
   <uId id="CXR1325"/>
   <pmcId id="1325"/>
   <docSource>CXR</docSource>
   <IUXRId id="1325"/>
   <licenseType>open-access</licenseType>
   <licenseURL>http://creativecommons.org/licenses/by-nc-nd/4.0/</licenseURL>
   <ccLicense>byncnd</ccLicense>
   <articleURL/>
   <articleDate>2013-08-01</articleDate>
   <articleType>XR</articleType>
   <publisher>Indiana University</publisher>
   <title>Indiana University Chest X-ray Collection</title>
   <note>The data are drawn from multiple hospital systems.</note>
   <specialty>pulmonary diseases</specialty>
   <subset>CXR</subset>
   <MedlineCitation Owner="Indiana University" Status="supplied by publisher">
   
      <Article PubModel="Electronic">
      
         <Journal>
         
            <JournalIssue>
            
               <PubDate>
               
                  <Year>2013</Year>
               
                  <Month>08</Month>
               
                  <Day>01</Day>
            
               </PubDate>
         
            </JournalIssue>
      
         </Journal>
      
         <ArticleTitle>Indiana University Chest X-ray Collection</ArticleTitle>
      
         <Abstract>
         
            <AbstractText Label="COMPARISON">XXXX, XXXX</AbstractText>
         
            <AbstractText Label="INDICATION">Chest pain and leg edema. Hypotension.</AbstractText>
         
            <AbstractText Label="FINDINGS"/>
         
            <AbstractText Label="IMPRESSION">Heart size is mildly enlarged. Mediastinal silhouette appears stable with coarsely calcified and tortuous aorta. There is no edema. Scattered lung calcifications from old granulomatous disease. No XXXX consolidation or pleural effusion. No pneumothorax. Stable left lateral pleural thickening or scarring.</AbstractText>
      
         </Abstract>
      
         <Affiliation>Indiana University</Affiliation>
      
         <AuthorList CompleteYN="Y">
         
            <Author ValidYN="Y">
            
               <LastName>Kohli</LastName>
            
               <ForeName>Marc</ForeName>
            
               <Initials>MD</Initials>
         
            </Author>
         
            <Author ValidYN="Y">
            
               <LastName>Rosenman</LastName>
            
               <ForeName>Marc</ForeName>
            
               <Initials>M</Initials>
         
            </Author>
      
         </AuthorList>
      
         <Language>eng</Language>
      
         <PublicationTypeList>
         
            <PublicationType>Radiology Report</PublicationType>
      
         </PublicationTypeList>
      
         <ArticleDate>
         
            <Year>2013</Year>
         
            <Month>08</Month>
         
            <Day>01</Day>
      
         </ArticleDate>
   
      </Article>
   
      <EssieArticleTitle>Indiana University Chest X-ray Collection</EssieArticleTitle>
   
      <IMedAuthor>Marc David Kohli MD</IMedAuthor>
   
      <IMedAuthor>Marc Rosenman M</IMedAuthor>

   </MedlineCitation>
   <MeSH>
   
      <major>Cardiomegaly/mild</major>
   
      <major>Calcinosis/aorta</major>
   
      <major>Aorta/tortuous</major>
   
      <major>Calcinosis/lung/scattered/multiple</major>
   
      <major>Granulomatous Disease</major>
   
      <major>Thickening/pleura/left</major>
   
      <major>Cicatrix/pleura/left</major>
   
      <automatic>granulomatous disease</automatic>
   
      <automatic>lung calcification</automatic>
   
      <automatic>pleural thickening</automatic>
   
      <automatic>scarring</automatic>
   
      <automatic>tortuous aorta</automatic>
   
      <automatic>Aorta</automatic>
   
      <automatic>Pleural Diseases</automatic>
   
      <automatic>Scarring</automatic>

   </MeSH>
</eCitation>