<?xml version="1.0" encoding="utf-8"?>
<eCitation>
   <meta type="rr"/>
   <uId id="CXR1361"/>
   <pmcId id="1361"/>
   <docSource>CXR</docSource>
   <IUXRId id="1361"/>
   <licenseType>open-access</licenseType>
   <licenseURL>http://creativecommons.org/licenses/by-nc-nd/4.0/</licenseURL>
   <ccLicense>byncnd</ccLicense>
   <articleURL/>
   <articleDate>2013-08-01</articleDate>
   <articleType>XR</articleType>
   <publisher>Indiana University</publisher>
   <title>Indiana University Chest X-ray Collection</title>
   <note>The data are drawn from multiple hospital systems.</note>
   <specialty>pulmonary diseases</specialty>
   <subset>CXR</subset>
   <MedlineCitation Owner="Indiana University" Status="supplied by publisher">
   
      <Article PubModel="Electronic">
      
         <Journal>
         
            <JournalIssue>
            
               <PubDate>
               
                  <Year>2013</Year>
               
                  <Month>08</Month>
               
                  <Day>01</Day>
            
               </PubDate>
         
            </JournalIssue>
      
         </Journal>
      
         <ArticleTitle>Indiana University Chest X-ray Collection</ArticleTitle>
      
         <Abstract>
         
            <AbstractText Label="COMPARISON">XXXX, XXXX</AbstractText>
         
            <AbstractText Label="INDICATION">Dyspnea</AbstractText>
         
            <AbstractText Label="FINDINGS"/>
         
            <AbstractText Label="IMPRESSION">Mild cardiomegaly. Tortuous aorta. No XXXX consolidation, pleural effusion or pneumothorax. Stable right paratracheal opacity. XXXX correlated XXXX of the chest XXXX, XXXX this represents vascular shadows. Mild right apex curvature of the lower thoracic spine. Degenerative endplate spurring mid and lower thoracic spine with minimal grade 1 anterolisthesis of a lower thoracic vertebral level, XXXX T10 on T11.</AbstractText>
      
         </Abstract>
      
         <Affiliation>Indiana University</Affiliation>
      
         <AuthorList CompleteYN="Y">
         
            <Author ValidYN="Y">
            
               <LastName>Kohli</LastName>
            
               <ForeName>Marc</ForeName>
            
               <Initials>MD</Initials>
         
            </Author>
         
            <Author ValidYN="Y">
            
               <LastName>Rosenman</LastName>
            
               <ForeName>Marc</ForeName>
            
               <Initials>M</Initials>
         
            </Author>
      
         </AuthorList>
      
         <Language>eng</Language>
      
         <PublicationTypeList>
         
            <PublicationType>Radiology Report</PublicationType>
      
         </PublicationTypeList>
      
         <ArticleDate>
         
            <Year>2013</Year>
         
            <Month>08</Month>
         
            <Day>01</Day>
      
         </ArticleDate>
   
      </Article>
   
      <EssieArticleTitle>Indiana University Chest X-ray Collection</EssieArticleTitle>
   
      <IMedAuthor>Marc David Kohli MD</IMedAuthor>
   
      <IMedAuthor>Marc Rosenman M</IMedAuthor>

   </MedlineCitation>
   <MeSH>
   
      <major>Cardiomegaly/mild</major>
   
      <major>Aorta/tortuous</major>
   
      <major>Opacity/right/paratracheal</major>
   
      <major>Scoliosis/thoracic vertebrae/right/mild</major>
   
      <major>Osteophyte/thoracic vertebrae/degenerative</major>
   
      <major>Spondylosis/thoracic vertebrae</major>
   
      <automatic>anterolisthesis</automatic>
   
      <automatic>opacity</automatic>
   
      <automatic>tortuous aorta</automatic>
   
      <automatic>Aorta</automatic>
   
      <automatic>Cardiomegaly</automatic>

   </MeSH>
   <parentImage id="CXR1361_IM-0235-1001">
      
      
      <figureId>F1</figureId>
      
      
      <caption>Two-view CHEST: XXXX, XXXX at XXXX hours.</caption>
      
      
      <panel type="single">
         
         
         <url>/hadoop/storage/radiology/extract/CXR1361_IM-0235-1001.jpg</url>
         
         
         <imgModality>7</imgModality>
         
         
         <region type="panel">
            
            
            <globalImageFeatures>
               
               
               <CEDD>f2p0k750</CEDD>
               
               
               <ColorLayout>f1p0k36</ColorLayout>
               
               
               <EdgeHistogram>f0p0k338</EdgeHistogram>
               
               
               <FCTH>f4p0k1155</FCTH>
               
               
               <SemanticContext60>f3p0k181</SemanticContext60>
            
            
            </globalImageFeatures>
         
         
         </region>
      
      
      </panel>
   
   
   </parentImage>
   <parentImage id="CXR1361_IM-0235-2001">
      
      
      <figureId>F2</figureId>
      
      
      <caption>Two-view CHEST: XXXX, XXXX at XXXX hours.</caption>
      
      
      <panel type="single">
         
         
         <url>/hadoop/storage/radiology/extract/CXR1361_IM-0235-2001.jpg</url>
         
         
         <imgModality>7</imgModality>
         
         
         <region type="panel">
            
            
            <globalImageFeatures>
               
               
               <CEDD>f2p0k377</CEDD>
               
               
               <ColorLayout>f1p0k129</ColorLayout>
               
               
               <EdgeHistogram>f0p0k666</EdgeHistogram>
               
               
               <FCTH>f4p0k1808</FCTH>
               
               
               <SemanticContext60>f3p0k230</SemanticContext60>
            
            
            </globalImageFeatures>
         
         
         </region>
      
      
      </panel>
   
   
   </parentImage>
</eCitation>