<?xml version="1.0" encoding="utf-8"?>
<eCitation>
   <meta type="rr"/>
   <uId id="CXR139"/>
   <pmcId id="139"/>
   <docSource>CXR</docSource>
   <IUXRId id="139"/>
   <licenseType>open-access</licenseType>
   <licenseURL>http://creativecommons.org/licenses/by-nc-nd/4.0/</licenseURL>
   <ccLicense>byncnd</ccLicense>
   <articleURL/>
   <articleDate>2013-08-01</articleDate>
   <articleType>XR</articleType>
   <publisher>Indiana University</publisher>
   <title>Indiana University Chest X-ray Collection</title>
   <note>The data are drawn from multiple hospital systems.</note>
   <specialty>pulmonary diseases</specialty>
   <subset>CXR</subset>
   <MedlineCitation Owner="Indiana University" Status="supplied by publisher">
   
      <Article PubModel="Electronic">
      
         <Journal>
         
            <JournalIssue>
            
               <PubDate>
               
                  <Year>2013</Year>
               
                  <Month>08</Month>
               
                  <Day>01</Day>
            
               </PubDate>
         
            </JournalIssue>
      
         </Journal>
      
         <ArticleTitle>Indiana University Chest X-ray Collection</ArticleTitle>
      
         <Abstract>
         
            <AbstractText Label="COMPARISON">None available.</AbstractText>
         
            <AbstractText Label="INDICATION">XXXX-year-old female with shortness of breath.</AbstractText>
         
            <AbstractText Label="FINDINGS">The cardiac silhouette is mildly enlarged. A lobulated opacity is identified superior to the heart, in the anterior mediastinum on the lateral view, possibly consistent with a tortuous/ectatic thoracic aorta versus an anterior mediastinal mass. The thoracic aorta is tortuous and calcified. No focal areas of pulmonary consolidation. The lungs are hyperexpanded with flattening of the bilateral hemidiaphragms. No pneumothorax or pleural effusion. Severe degenerative changes of the thoracic spine.</AbstractText>
         
            <AbstractText Label="IMPRESSION">1. Lobulated anterior mediastinal opacity on the lateral view, possibly consistent with a tortuous/ectatic thoracic aorta versus an anterior mediastinal mass. Contrast-enhanced XXXX examination would XXXX to further evaluate if clinically indicated. 2. Mild cardiomegaly with findings of chronic obstructive pulmonary disease.</AbstractText>
      
         </Abstract>
      
         <Affiliation>Indiana University</Affiliation>
      
         <AuthorList CompleteYN="Y">
         
            <Author ValidYN="Y">
            
               <LastName>Kohli</LastName>
            
               <ForeName>Marc</ForeName>
            
               <Initials>MD</Initials>
         
            </Author>
         
            <Author ValidYN="Y">
            
               <LastName>Rosenman</LastName>
            
               <ForeName>Marc</ForeName>
            
               <Initials>M</Initials>
         
            </Author>
      
         </AuthorList>
      
         <Language>eng</Language>
      
         <PublicationTypeList>
         
            <PublicationType>Radiology Report</PublicationType>
      
         </PublicationTypeList>
      
         <ArticleDate>
         
            <Year>2013</Year>
         
            <Month>08</Month>
         
            <Day>01</Day>
      
         </ArticleDate>
   
      </Article>
   
      <EssieArticleTitle>Indiana University Chest X-ray Collection</EssieArticleTitle>
   
      <IMedAuthor>Marc David Kohli MD</IMedAuthor>
   
      <IMedAuthor>Marc Rosenman M</IMedAuthor>

   </MedlineCitation>
   <MeSH>
   
      <major>Cardiac Shadow/enlarged/mild</major>
   
      <major>Opacity/supracardiac</major>
   
      <major>Aorta, Thoracic/tortuous</major>
   
      <major>Calcinosis/aorta, thoracic</major>
   
      <major>Lung/hyperdistention</major>
   
      <major>Diaphragm/bilateral/flattened</major>
   
      <major>Thoracic Vertebrae/degenerative/severe</major>
   
      <major>Cardiomegaly/mild</major>
   
      <major>Pulmonary Disease, Chronic Obstructive</major>
   
      <automatic>anterior mediastinal masses</automatic>
   
      <automatic>chronic obstructive pulmonary disease</automatic>
   
      <automatic>degenerative change</automatic>
   
      <automatic>opacity</automatic>
   
      <automatic>Cardiomegaly</automatic>
   
      <automatic>Pulmonary Disease, Chronic Obstructive</automatic>
   
      <automatic>Pulmonary Disease, Chronic Obstructive, Severe Early-Onset</automatic>
   
      <automatic>Thoracic Aorta</automatic>

   </MeSH>
   <parentImage id="CXR139_IM-0248-1001">
      
      
      <figureId>F1</figureId>
      
      
      <caption>Chest radiograph examination 2 views performed XXXX, XXXX at XXXX.</caption>
      
      
      <panel type="single">
         
         
         <url>/hadoop/storage/radiology/extract/CXR139_IM-0248-1001.jpg</url>
         
         
         <imgModality>7</imgModality>
         
         
         <region type="panel">
            
            
            <globalImageFeatures>
               
               
               <CEDD>f2p0k710</CEDD>
               
               
               <ColorLayout>f1p0k137</ColorLayout>
               
               
               <EdgeHistogram>f0p0k184</EdgeHistogram>
               
               
               <FCTH>f4p0k2450</FCTH>
               
               
               <SemanticContext60>f3p0k74</SemanticContext60>
            
            
            </globalImageFeatures>
         
         
         </region>
      
      
      </panel>
   
   
   </parentImage>
   <parentImage id="CXR139_IM-0248-3003">
      
      
      <figureId>F2</figureId>
      
      
      <caption>Chest radiograph examination 2 views performed XXXX, XXXX at XXXX.</caption>
      
      
      <panel type="single">
         
         
         <url>/hadoop/storage/radiology/extract/CXR139_IM-0248-3003.jpg</url>
         
         
         <imgModality>7</imgModality>
         
         
         <region type="panel">
            
            
            <globalImageFeatures>
               
               
               <CEDD>f2p0k750</CEDD>
               
               
               <ColorLayout>f1p0k36</ColorLayout>
               
               
               <EdgeHistogram>f0p0k184</EdgeHistogram>
               
               
               <FCTH>f4p0k1133</FCTH>
               
               
               <SemanticContext60>f3p0k74</SemanticContext60>
            
            
            </globalImageFeatures>
         
         
         </region>
      
      
      </panel>
   
   
   </parentImage>
</eCitation>