<?xml version="1.0" encoding="utf-8"?>
<eCitation>
   <meta type="rr"/>
   <uId id="CXR1416"/>
   <pmcId id="1416"/>
   <docSource>CXR</docSource>
   <IUXRId id="1416"/>
   <licenseType>open-access</licenseType>
   <licenseURL>http://creativecommons.org/licenses/by-nc-nd/4.0/</licenseURL>
   <ccLicense>byncnd</ccLicense>
   <articleURL/>
   <articleDate>2013-08-01</articleDate>
   <articleType>XR</articleType>
   <publisher>Indiana University</publisher>
   <title>Indiana University Chest X-ray Collection</title>
   <note>The data are drawn from multiple hospital systems.</note>
   <specialty>pulmonary diseases</specialty>
   <subset>CXR</subset>
   <MedlineCitation Owner="Indiana University" Status="supplied by publisher">
   
      <Article PubModel="Electronic">
      
         <Journal>
         
            <JournalIssue>
            
               <PubDate>
               
                  <Year>2013</Year>
               
                  <Month>08</Month>
               
                  <Day>01</Day>
            
               </PubDate>
         
            </JournalIssue>
      
         </Journal>
      
         <ArticleTitle>Indiana University Chest X-ray Collection</ArticleTitle>
      
         <Abstract>
         
            <AbstractText Label="COMPARISON">Comparison is XXXX to chest radiograph examination dated XXXX.</AbstractText>
         
            <AbstractText Label="INDICATION">XXXX-year-old female with chest pain.</AbstractText>
         
            <AbstractText Label="FINDINGS">The cardiac silhouette is at the upper limits of normal for size. Stable, mild prominence of the bilateral hilar regions. No focal areas of pulmonary consolidation. No pneumothorax. Stable XXXX opacity in the left XXXX, XXXX representing a scar. No pleural effusion. Minimal degenerative changes of the thoracic spine. No acute, displaced rib fractures.</AbstractText>
         
            <AbstractText Label="IMPRESSION">1. No acute intrathoracic abnormality. 2. Stable, mild prominence of the bilateral hilar regions, possibly consistent with enlarged pulmonary arteries/pulmonary hypertension. Please correlate clinically.</AbstractText>
      
         </Abstract>
      
         <Affiliation>Indiana University</Affiliation>
      
         <AuthorList CompleteYN="Y">
         
            <Author ValidYN="Y">
            
               <LastName>Kohli</LastName>
            
               <ForeName>Marc</ForeName>
            
               <Initials>MD</Initials>
         
            </Author>
         
            <Author ValidYN="Y">
            
               <LastName>Rosenman</LastName>
            
               <ForeName>Marc</ForeName>
            
               <Initials>M</Initials>
         
            </Author>
      
         </AuthorList>
      
         <Language>eng</Language>
      
         <PublicationTypeList>
         
            <PublicationType>Radiology Report</PublicationType>
      
         </PublicationTypeList>
      
         <ArticleDate>
         
            <Year>2013</Year>
         
            <Month>08</Month>
         
            <Day>01</Day>
      
         </ArticleDate>
   
      </Article>
   
      <EssieArticleTitle>Indiana University Chest X-ray Collection</EssieArticleTitle>
   
      <IMedAuthor>Marc David Kohli MD</IMedAuthor>
   
      <IMedAuthor>Marc Rosenman M</IMedAuthor>

   </MedlineCitation>
   <MeSH>
   
      <major>Lung/hilum/bilateral/prominent/mild</major>
   
      <major>Opacity/left</major>
   
      <major>Cicatrix/left</major>
   
      <major>Thoracic Vertebrae/degenerative/mild</major>
   
      <automatic>degenerative change</automatic>
   
      <automatic>opacity</automatic>
   
      <automatic>pulmonary hypertension</automatic>
   
      <automatic>scar</automatic>
   
      <automatic>Hypertension, Pulmonary</automatic>

   </MeSH>
   <parentImage id="CXR1416_IM-0265-1001">
      
      
      <figureId>F1</figureId>
      
      
      <caption>Chest radiograph examination 2 views performed XXXX, XXXX at XXXX. </caption>
      
      
      <panel type="single">
         
         
         <url>/hadoop/storage/radiology/extract/CXR1416_IM-0265-1001.jpg</url>
         
         
         <imgModality>7</imgModality>
         
         
         <region type="panel">
            
            
            <globalImageFeatures>
               
               
               <CEDD>f2p0k680</CEDD>
               
               
               <ColorLayout>f1p0k137</ColorLayout>
               
               
               <EdgeHistogram>f0p0k1055</EdgeHistogram>
               
               
               <FCTH>f4p0k2450</FCTH>
               
               
               <SemanticContext60>f3p0k74</SemanticContext60>
            
            
            </globalImageFeatures>
         
         
         </region>
      
      
      </panel>
   
   
   </parentImage>
   <parentImage id="CXR1416_IM-0265-2001">
      
      
      <figureId>F2</figureId>
      
      
      <caption>Chest radiograph examination 2 views performed XXXX, XXXX at XXXX. </caption>
      
      
      <panel type="single">
         
         
         <url>/hadoop/storage/radiology/extract/CXR1416_IM-0265-2001.jpg</url>
         
         
         <imgModality>7</imgModality>
         
         
         <region type="panel">
            
            
            <globalImageFeatures>
               
               
               <CEDD>f2p0k39</CEDD>
               
               
               <ColorLayout>f1p0k36</ColorLayout>
               
               
               <EdgeHistogram>f0p0k518</EdgeHistogram>
               
               
               <FCTH>f4p0k1972</FCTH>
               
               
               <SemanticContext60>f3p0k138</SemanticContext60>
            
            
            </globalImageFeatures>
         
         
         </region>
      
      
      </panel>
   
   
   </parentImage>
</eCitation>