<?xml version="1.0" encoding="utf-8"?>
<eCitation>
   <meta type="rr"/>
   <uId id="CXR1423"/>
   <pmcId id="1423"/>
   <docSource>CXR</docSource>
   <IUXRId id="1423"/>
   <licenseType>open-access</licenseType>
   <licenseURL>http://creativecommons.org/licenses/by-nc-nd/4.0/</licenseURL>
   <ccLicense>byncnd</ccLicense>
   <articleURL/>
   <articleDate>2013-08-01</articleDate>
   <articleType>XR</articleType>
   <publisher>Indiana University</publisher>
   <title>Indiana University Chest X-ray Collection</title>
   <note>The data are drawn from multiple hospital systems.</note>
   <specialty>pulmonary diseases</specialty>
   <subset>CXR</subset>
   <MedlineCitation Owner="Indiana University" Status="supplied by publisher">
   
      <Article PubModel="Electronic">
      
         <Journal>
         
            <JournalIssue>
            
               <PubDate>
               
                  <Year>2013</Year>
               
                  <Month>08</Month>
               
                  <Day>01</Day>
            
               </PubDate>
         
            </JournalIssue>
      
         </Journal>
      
         <ArticleTitle>Indiana University Chest X-ray Collection</ArticleTitle>
      
         <Abstract>
         
            <AbstractText Label="COMPARISON">None.</AbstractText>
         
            <AbstractText Label="INDICATION">Chest pain for 3-4 days, now shortness of breath</AbstractText>
         
            <AbstractText Label="FINDINGS">Heart size upper limits normal. Vascularity normal.Calcified breast implants obscure some detail. Lungs are clear. Vascular calcifications aorta. No pleural effusions or pneumothoraces.</AbstractText>
         
            <AbstractText Label="IMPRESSION">Borderline cardiomegaly, otherwise unremarkable exam.</AbstractText>
      
         </Abstract>
      
         <Affiliation>Indiana University</Affiliation>
      
         <AuthorList CompleteYN="Y">
         
            <Author ValidYN="Y">
            
               <LastName>Kohli</LastName>
            
               <ForeName>Marc</ForeName>
            
               <Initials>MD</Initials>
         
            </Author>
         
            <Author ValidYN="Y">
            
               <LastName>Rosenman</LastName>
            
               <ForeName>Marc</ForeName>
            
               <Initials>M</Initials>
         
            </Author>
      
         </AuthorList>
      
         <Language>eng</Language>
      
         <PublicationTypeList>
         
            <PublicationType>Radiology Report</PublicationType>
      
         </PublicationTypeList>
      
         <ArticleDate>
         
            <Year>2013</Year>
         
            <Month>08</Month>
         
            <Day>01</Day>
      
         </ArticleDate>
   
      </Article>
   
      <EssieArticleTitle>Indiana University Chest X-ray Collection</EssieArticleTitle>
   
      <IMedAuthor>Marc David Kohli MD</IMedAuthor>
   
      <IMedAuthor>Marc Rosenman M</IMedAuthor>

   </MedlineCitation>
   <MeSH>
   
      <major>Calcinosis/breast implants</major>
   
      <major>Calcinosis/aorta</major>
   
      <major>Cardiomegaly/borderline</major>
   
      <automatic>vascular calcification</automatic>
   
      <automatic>breast implants</automatic>
   
      <automatic>Cardiomegaly</automatic>

   </MeSH>
   <parentImage id="CXR1423_IM-0270-1001">
      
      
      <figureId>F1</figureId>
      
      
      <caption>PA and LAT view CHEST XXXX, XXXX XXXX PM</caption>
      
      
      <panel type="single">
         
         
         <url>/hadoop/storage/radiology/extract/CXR1423_IM-0270-1001.jpg</url>
         
         
         <imgModality>7</imgModality>
         
         
         <region type="panel">
            
            
            <globalImageFeatures>
               
               
               <CEDD>f2p0k680</CEDD>
               
               
               <ColorLayout>f1p0k36</ColorLayout>
               
               
               <EdgeHistogram>f0p0k184</EdgeHistogram>
               
               
               <FCTH>f4p0k1282</FCTH>
               
               
               <SemanticContext60>f3p0k74</SemanticContext60>
            
            
            </globalImageFeatures>
         
         
         </region>
      
      
      </panel>
   
   
   </parentImage>
   <parentImage id="CXR1423_IM-0270-2001">
      
      
      <figureId>F2</figureId>
      
      
      <caption>PA and LAT view CHEST XXXX, XXXX XXXX PM</caption>
      
      
      <panel type="single">
         
         
         <url>/hadoop/storage/radiology/extract/CXR1423_IM-0270-2001.jpg</url>
         
         
         <imgModality>7</imgModality>
         
         
         <region type="panel">
            
            
            <globalImageFeatures>
               
               
               <CEDD>f2p0k377</CEDD>
               
               
               <ColorLayout>f1p0k129</ColorLayout>
               
               
               <EdgeHistogram>f0p0k666</EdgeHistogram>
               
               
               <FCTH>f4p0k1155</FCTH>
               
               
               <SemanticContext60>f3p0k230</SemanticContext60>
            
            
            </globalImageFeatures>
         
         
         </region>
      
      
      </panel>
   
   
   </parentImage>
</eCitation>