<?xml version="1.0" encoding="utf-8"?>
<eCitation>
   <meta type="rr"/>
   <uId id="CXR1430"/>
   <pmcId id="1430"/>
   <docSource>CXR</docSource>
   <IUXRId id="1430"/>
   <licenseType>open-access</licenseType>
   <licenseURL>http://creativecommons.org/licenses/by-nc-nd/4.0/</licenseURL>
   <ccLicense>byncnd</ccLicense>
   <articleURL/>
   <articleDate>2013-08-01</articleDate>
   <articleType>XR</articleType>
   <publisher>Indiana University</publisher>
   <title>Indiana University Chest X-ray Collection</title>
   <note>The data are drawn from multiple hospital systems.</note>
   <specialty>pulmonary diseases</specialty>
   <subset>CXR</subset>
   <MedlineCitation Owner="Indiana University" Status="supplied by publisher">
   
      <Article PubModel="Electronic">
      
         <Journal>
         
            <JournalIssue>
            
               <PubDate>
               
                  <Year>2013</Year>
               
                  <Month>08</Month>
               
                  <Day>01</Day>
            
               </PubDate>
         
            </JournalIssue>
      
         </Journal>
      
         <ArticleTitle>Indiana University Chest X-ray Collection</ArticleTitle>
      
         <Abstract>
         
            <AbstractText Label="COMPARISON"/>
         
            <AbstractText Label="INDICATION">SOB on exertion</AbstractText>
         
            <AbstractText Label="FINDINGS">Minimal patchy bibasilar airspace opacities, XXXX atelectasis or evolving pneumonia. The heart pulmonary XXXX appear normal. Is minimal blunting of the pleural spaces, XXXX XXXX effusions.</AbstractText>
         
            <AbstractText Label="IMPRESSION">1. Minimal patchy bibasilar opacities, XXXX evolving pneumonia or atelectasis 2. XXXX bilateral pleural effusions</AbstractText>
      
         </Abstract>
      
         <Affiliation>Indiana University</Affiliation>
      
         <AuthorList CompleteYN="Y">
         
            <Author ValidYN="Y">
            
               <LastName>Kohli</LastName>
            
               <ForeName>Marc</ForeName>
            
               <Initials>MD</Initials>
         
            </Author>
         
            <Author ValidYN="Y">
            
               <LastName>Rosenman</LastName>
            
               <ForeName>Marc</ForeName>
            
               <Initials>M</Initials>
         
            </Author>
      
         </AuthorList>
      
         <Language>eng</Language>
      
         <PublicationTypeList>
         
            <PublicationType>Radiology Report</PublicationType>
      
         </PublicationTypeList>
      
         <ArticleDate>
         
            <Year>2013</Year>
         
            <Month>08</Month>
         
            <Day>01</Day>
      
         </ArticleDate>
   
      </Article>
   
      <EssieArticleTitle>Indiana University Chest X-ray Collection</EssieArticleTitle>
   
      <IMedAuthor>Marc David Kohli MD</IMedAuthor>
   
      <IMedAuthor>Marc Rosenman M</IMedAuthor>

   </MedlineCitation>
   <MeSH>
   
      <major>Opacity/lung/base/bilateral/patchy/mild</major>
   
      <major>Pulmonary Atelectasis</major>
   
      <major>Pneumonia</major>
   
      <major>Pleura/blunted/mild</major>
   
      <major>Pleural Effusion/bilateral</major>
   
      <automatic>atelectases</automatic>
   
      <automatic>bilateral pleural effusion</automatic>
   
      <automatic>opacity</automatic>
   
      <automatic>pneumonia</automatic>
   
      <automatic>Atelectasis</automatic>
   
      <automatic>Pleural Effusion</automatic>
   
      <automatic>Pneumonia</automatic>

   </MeSH>
   <parentImage id="CXR1430_IM-0277-2001">
      
      
      <figureId>F1</figureId>
      
      
      <caption>Xray Chest PA and Lateral</caption>
      
      
      <panel type="single">
         
         
         <url>/hadoop/storage/radiology/extract/CXR1430_IM-0277-2001.jpg</url>
         
         
         <imgModality>7</imgModality>
         
         
         <region type="panel">
            
            
            <globalImageFeatures>
               
               
               <CEDD>f2p0k1637</CEDD>
               
               
               <ColorLayout>f1p0k137</ColorLayout>
               
               
               <EdgeHistogram>f0p0k338</EdgeHistogram>
               
               
               <FCTH>f4p0k1907</FCTH>
               
               
               <SemanticContext60>f3p0k223</SemanticContext60>
            
            
            </globalImageFeatures>
         
         
         </region>
      
      
      </panel>
   
   
   </parentImage>
</eCitation>