<?xml version="1.0" encoding="utf-8"?>
<eCitation>
   <meta type="rr"/>
   <uId id="CXR1436"/>
   <pmcId id="1436"/>
   <docSource>CXR</docSource>
   <IUXRId id="1436"/>
   <licenseType>open-access</licenseType>
   <licenseURL>http://creativecommons.org/licenses/by-nc-nd/4.0/</licenseURL>
   <ccLicense>byncnd</ccLicense>
   <articleURL/>
   <articleDate>2013-08-01</articleDate>
   <articleType>XR</articleType>
   <publisher>Indiana University</publisher>
   <title>Indiana University Chest X-ray Collection</title>
   <note>The data are drawn from multiple hospital systems.</note>
   <specialty>pulmonary diseases</specialty>
   <subset>CXR</subset>
   <MedlineCitation Owner="Indiana University" Status="supplied by publisher">
   
      <Article PubModel="Electronic">
      
         <Journal>
         
            <JournalIssue>
            
               <PubDate>
               
                  <Year>2013</Year>
               
                  <Month>08</Month>
               
                  <Day>01</Day>
            
               </PubDate>
         
            </JournalIssue>
      
         </Journal>
      
         <ArticleTitle>Indiana University Chest X-ray Collection</ArticleTitle>
      
         <Abstract>
         
            <AbstractText Label="COMPARISON">None available.</AbstractText>
         
            <AbstractText Label="INDICATION">XXXX-year-old male with worsening XXXX loss. Rule out malignancy.</AbstractText>
         
            <AbstractText Label="FINDINGS">The cardiac and mediastinal contours are within normal limits. There are calcifications of the aortic XXXX. The lungs are hyperinflated with increased retrosternal airspace and flattening of hemidiaphragms. There is haziness in the right lung apex. There is a 1.7 cm nodular density in the medial right lung base seen on the frontal view, not identified on the lateral view. This may represent a vessel on end. There is no consolidation, pneumothorax, or effusion. There are mild degenerative changes of the spine.</AbstractText>
         
            <AbstractText Label="IMPRESSION">1. Haziness in the right lung apex and questionable right middle lobe pulmonary nodule. These may be explained by overlapping structures, XXXX chest would be useful for further evaluation. 2. Emphysematous changes.</AbstractText>
      
         </Abstract>
      
         <Affiliation>Indiana University</Affiliation>
      
         <AuthorList CompleteYN="Y">
         
            <Author ValidYN="Y">
            
               <LastName>Kohli</LastName>
            
               <ForeName>Marc</ForeName>
            
               <Initials>MD</Initials>
         
            </Author>
         
            <Author ValidYN="Y">
            
               <LastName>Rosenman</LastName>
            
               <ForeName>Marc</ForeName>
            
               <Initials>M</Initials>
         
            </Author>
      
         </AuthorList>
      
         <Language>eng</Language>
      
         <PublicationTypeList>
         
            <PublicationType>Radiology Report</PublicationType>
      
         </PublicationTypeList>
      
         <ArticleDate>
         
            <Year>2013</Year>
         
            <Month>08</Month>
         
            <Day>01</Day>
      
         </ArticleDate>
   
      </Article>
   
      <EssieArticleTitle>Indiana University Chest X-ray Collection</EssieArticleTitle>
   
      <IMedAuthor>Marc David Kohli MD</IMedAuthor>
   
      <IMedAuthor>Marc Rosenman M</IMedAuthor>

   </MedlineCitation>
   <MeSH>
   
      <major>Calcinosis/aorta</major>
   
      <major>Lung/hyperdistention</major>
   
      <major>Diaphragm/flattened</major>
   
      <major>Opacity/lung/apex/right</major>
   
      <major>Density/lung/base/right/round</major>
   
      <major>Nodule/lung/base/right</major>
   
      <major>Emphysema</major>
   
      <major>Spine/degenerative/mild</major>
   
      <automatic>degenerative change</automatic>
   
      <automatic>nodule</automatic>
   
      <automatic>overlapping structures</automatic>

   </MeSH>
   <parentImage id="CXR1436_IM-0280-1001">
      
      
      <figureId>F1</figureId>
      
      
      <caption>PA and lateral chest radiograph, XXXX at XXXX hours. </caption>
      
      
      <panel type="single">
         
         
         <url>/hadoop/storage/radiology/extract/CXR1436_IM-0280-1001.jpg</url>
         
         
         <imgModality>7</imgModality>
         
         
         <region type="panel">
            
            
            <globalImageFeatures>
               
               
               <CEDD>f2p0k750</CEDD>
               
               
               <ColorLayout>f1p0k36</ColorLayout>
               
               
               <EdgeHistogram>f0p0k184</EdgeHistogram>
               
               
               <FCTH>f4p0k1808</FCTH>
               
               
               <SemanticContext60>f3p0k181</SemanticContext60>
            
            
            </globalImageFeatures>
         
         
         </region>
      
      
      </panel>
   
   
   </parentImage>
   <parentImage id="CXR1436_IM-0280-1002">
      
      
      <figureId>F2</figureId>
      
      
      <caption>PA and lateral chest radiograph, XXXX at XXXX hours. </caption>
      
      
      <panel type="single">
         
         
         <url>/hadoop/storage/radiology/extract/CXR1436_IM-0280-1002.jpg</url>
         
         
         <imgModality>7</imgModality>
         
         
         <region type="panel">
            
            
            <globalImageFeatures>
               
               
               <CEDD>f2p0k377</CEDD>
               
               
               <ColorLayout>f1p0k129</ColorLayout>
               
               
               <EdgeHistogram>f0p0k518</EdgeHistogram>
               
               
               <FCTH>f4p0k1808</FCTH>
               
               
               <SemanticContext60>f3p0k228</SemanticContext60>
            
            
            </globalImageFeatures>
         
         
         </region>
      
      
      </panel>
   
   
   </parentImage>
</eCitation>